,compound_id,base_rdkit_smiles,relation,pXC50,active
0,CHEMBL161780,CNS(=O)(=O)Cc1ccc2[nH]cc(CCN3CC[C@@H](CNCc4ccccc4)C3)c2c1,,5.236572006437063,0
1,CHEMBL1852587,Cc1cccc(N2CCN(CCCNC(=O)c3nc(C)n(CC(C)C)c3C)CC2)c1C,,6.66374049414256,0
2,CHEMBL1852779,COc1cc(OC)cc(-n2c(C)nc(C(=O)NCCCN3CCN(c4cccc(C)c4C)CC3)c2C)c1,,7.494850021680094,1
3,CHEMBL2393275,Fc1ccc(Nc2nc(N3CCN(Cc4ccccc4)CC3)nc3[nH]ncc23)cc1,,7.282329496997738,1
4,CHEMBL414668,C1=C(c2c(-c3ccccc3)[nH]c3ccccc23)CCNC1,,7.301029995663981,1
5,CHEMBL3681370,Cc1ccc(-n2c(C)nc(C(=O)NCC(O)CN3CCN(c4cccc(C)c4C)CC3)c2C)cc1,,7.166215625343521,1
6,CHEMBL3823832,Cc1sc2ccccc2c1[C@@H]1C=CN=CN1,,6.448550002027125,0
7,CHEMBL218587,CCC(CC)(CC)NC1=NCCNC(c2ccc(F)cc2F)=C1,,8.431798275933005,1
8,CHEMBL3681371,CCc1c(C(=O)NCCCN2CCN(c3cccc(Cl)c3)CC2)nc(-c2ccc(Cl)cc2Cl)n1-c1ccc(Br)cc1,,5.898940645091884,0
9,CHEMBL2393274,OCCN1CCN(c2nc(Nc3ccc(F)cc3)c3cn[nH]c3n2)CC1,,6.787812395596042,0
10,CHEMBL11409,CCCN1CCN(CCCCN2C(=O)CC3(CCCC3)CC2=O)CC12COc1cccc(OC)c1C2,,4.950000175844591,0
11,CHEMBL4213342,CNC(=O)c1cc(OCCCCN2CCN(c3nsc4ccccc34)CC2)ccn1,,6.94692155651658,0
12,CHEMBL597151,Cn1ncc(Br)c1-c1cc(NC(=O)Nc2ccc(Cl)cc2)ccc1OCc1ccc(Cl)cc1,,7.899974269892137,1
13,CHEMBL3601034,COc1ccc(-c2ccc(CCCNc3ccc(CN4CCC(O)CC4)cc3)nn2)cc1,,5.054531414868181,0
14,CHEMBL4283546,O=C1C2CCCCC2C(=O)N1CCCCN1CCN(c2cccc3sccc23)CC1,,7.468521082957745,1
15,CHEMBL4292655,O=C1[C@H]2[C@@H]3C=C[C@@H](C3)[C@H]2C(=O)N1CCCN1CCN(c2cccc3sccc23)CC1,,6.94692155651658,0
16,CHEMBL3217169,Cc1cccc(N2CCN(CCCNC(=O)c3nc(-c4ccccc4)n(-c4ccccc4)c3C)CC2)c1C,,7.531652669587842,1
17,CHEMBL1933573,CN1CCC(N(C)S(=O)(=O)c2cccc3ccccc23)CC1,,6.29929628285498,0
18,CHEMBL71,CN(C)CCCN1c2ccccc2Sc2ccc(Cl)cc21,,8.441473782167506,1
19,CHEMBL2376490,Cc1[nH]c2ccc(-c3ccsc3)cc2c1C1=CCNCC1,<,6.0,0
20,CHEMBL596976,COc1ccc(NC(=O)Nc2ccc(C(C)C)cc2)cc1-c1c(Br)cnn1C,,8.599980364934842,1
21,CHEMBL80093,CC(C)NC(=O)N(C1CCCCCCC1)C1CCN(CCCOc2ccc(F)cc2)CC1,,7.100015437450609,1
22,CHEMBL487222,CNC(C)c1ccccc1Oc1ccc(Cl)cc1,,6.747146969020107,0
23,CHEMBL1852516,Cc1nc(C(=O)NCCN2CCN(c3cccc(Cl)c3Cl)CC2)c(C)n1-c1ccccc1,,7.508638306165727,1
24,CHEMBL3601041,O[C@@H]1CCCN(Cc2ccc(OCCCc3ccc(Oc4ccccc4)nn3)cc2)C1,<,5.0,0
25,CHEMBL599429,COc1ccc(NC(=O)Nc2cccc(C(C)=O)c2)cc1-c1c(Br)cnn1C,,8.400007822415901,1
26,CHEMBL3601046,CC(=O)NC1CCN(Cc2ccc(OCCCc3ccc(Cc4ccccc4)nn3)cc2)CC1,<,5.0,0
27,CHEMBL2110300,CN(C)[C@H]1C[C@H](c2c[nH]c3ccc(CC4COC(=O)N4)cc32)C1,<,5.0,0
28,CHEMBL3652594,Cn1ncc(Cl)c1-c1cc(NC(=O)c2ccc(F)c(C(F)(F)F)c2)ccc1OCCN,,9.0,1
29,CHEMBL1642128,Cc1cc(N2CCN(C)CC2)c2c(c1)N(S(=O)(=O)c1ccc3ccccc3c1)C(C)CC2=O,,6.152427340857888,0
30,CHEMBL313604,CN(C)CC1CC2c3ccccc3Cc3cccc(Cl)c3N2O1,,7.489991487059766,1
31,CHEMBL469668,CN1CCN(C[C@H](c2cccc(OC(F)(F)F)c2)C2(O)CCCCC2)CC1,<,5.0,0
32,CHEMBL1852387,Cc1cccc(N2CCN(CC(O)CNC(=O)c3nc(-c4ccccc4)n(-c4ccccc4)c3C)CC2)c1C,,7.23210238398191,1
33,CHEMBL455426,CNCc1cc(C(N)=O)ccc1Oc1ccc(Cl)c(Cl)c1,,5.809668301829708,0
34,CHEMBL470432,CCCN1CCC(COc2nc3scc(C)c3n3cccc23)CC1,<,5.0,0
35,CHEMBL1214428,Cc1c(C(=O)NCCCN2CCN(c3cccc(Cl)c3Cl)CC2)cc(-c2ccc(Cl)cc2)n1C,,6.634512015109101,0
36,CHEMBL606178,COc1ccc(NC(=O)Nc2ccc(Cl)cc2Cl)cc1-c1c(Br)cnn1C,,8.899974269892137,1
37,CHEMBL3600979,Fc1ccc(-c2ccc(CCCNc3ccc(CN4CCCCC4)cc3)nn2)cc1,,7.468521082957745,1
38,CHEMBL4292254,Cc1ccc(C23CC2C(=O)N(CCCCN2CCN(c4cccc5sccc45)CC2)C3=O)cc1,,5.779891911959945,0
39,CHEMBL3215864,Cc1cccc(N2CCN(CCCNC(=O)c3nc(C)n(-c4ccc5c(c4)OCCO5)c3C)CC2)c1C,,7.391473966422806,1
40,CHEMBL116735,O=C(CCc1ccc(F)cc1)N1CCN(CCCC(c2ccc(F)cc2)c2ccc(F)cc2)CC1,,5.987162775294828,0
41,CHEMBL4077006,Cc1nc2n(c(=O)c1CCN1CCN(c3cccc4c3OC(F)(F)O4)CC1)CCCC2,,6.480172006224281,0
42,CHEMBL455425,CNCc1cc(C)c(C)cc1Oc1ccc(Cl)c(Cl)c1,,7.100179497572904,1
43,CHEMBL261102,Cc1cccc(N2CCN(CCCC(=O)NCc3nc4cc(F)ccc4c(=O)n3-c3ccccc3)CC2)c1C,,5.769551078621726,0
44,CHEMBL1221452,CN1CCN(c2cccc(N(Cc3ccccc3)S(=O)(=O)c3ccc4ccccc4c3)c2)CC1,,7.301029995663981,1
45,CHEMBL1933410,CN1CCC(N(C)S(=O)(=O)c2cccc(Cl)c2)CC1,,6.006123085058789,0
46,CHEMBL4171368,CCC[C@@H](CCO)Nc1nc(N)nc2cc(OC)ccc12,,5.749579997691106,0
47,CHEMBL1630578,C[C@@H]1C[C@H]2[C@@H]3CCC4=CC(=O)C=C[C@]4(C)C3=CC[C@]2(C)[C@H]1C(=O)CN1CCN(c2cc(N3CCCC3)nc(N3CCCC3)n2)CC1,,5.6985359268567,0
48,CHEMBL602274,O=S(=O)(c1ccc(C(F)(F)F)cc1)N(CCCN1CCN(c2ccccc2)CC1)CC1CCCCC1,,8.148741651280925,1
49,CHEMBL4449354,O=C(c1cccn2ccnc12)N1CCN(CCc2ccccc2Cl)CC1,,8.397940008672037,1
50,CHEMBL1306,CC(C)N1CCN(c2ccc(OC[C@H]3CO[C@](Cn4cncn4)(c4ccc(Cl)cc4Cl)O3)cc2)CC1,,5.087512238667676,0
51,CHEMBL4283369,O=C1c2ccc(Cl)cc2C(=O)N1CCCCN1CCN(c2cccc3sccc23)CC1,,5.139661993429006,0
52,CHEMBL4202443,CNC(=O)c1cccc(OCCCCN2CCN(c3cccc4sccc34)CC2)n1,,6.97469413473523,0
53,CHEMBL3216085,CCCc1nc(C(=O)NCCCN2CCN(c3cccc(C)c3C)CC2)c(C)n1-c1ccccc1,,7.1249387366083,1
54,CHEMBL3600831,NC(=O)C1CCN(CCOc2ccc(C#Cc3ccc(-c4ccc(Cl)cc4)cn3)cc2)CC1,<,5.0,0
55,CHEMBL1214302,Cc1[nH]c(-c2ccccc2)c(C)c1C(=O)NCCN1CCN(c2cccc(Cl)c2Cl)CC1,,7.431798275933005,1
56,CHEMBL3805559,CNC(=O)c1cccc(OCCCCN2CCC(c3noc4cc(F)ccc34)CC2)c1,,7.337242168318426,1
57,CHEMBL3681368,CCCc1nc(C(=O)NC[C@H](O)CN2CCN(c3cccc(Cl)c3Cl)CC2)cn1-c1ccc(Cl)cc1,,6.578396073130169,0
58,CHEMBL4079365,Cc1nc2n(c(=O)c1CCN1CCN(c3nccc4sccc34)CC1)CCCC2,,7.46344155742847,1
59,CHEMBL3216741,Cc1cccc(N2CCN(CCCNC(=O)c3nc(C)n(-c4ccccc4F)c3C)CC2)c1C,,7.188424994129407,1
60,CHEMBL1255837,CC(C)[C@@]1(NC(=O)[C@@H]2C[C@@H]3c4cccc5[nH]cc(c45)C[C@H]3N(C)C2)O[C@@]2(O)[C@@H]3CCCN3C(=O)[C@H](Cc3ccccc3)N2C1=O,,7.823908740944319,1
61,CHEMBL488437,CNC(C)c1cc(F)ccc1Oc1ccc(Cl)c(Cl)c1,,6.521433504406157,0
62,CHEMBL30008,Fc1ccc(C(c2ccc(F)cc2)N2CCN(C/C=C/c3ccccc3)CC2)cc1,,6.39040559077478,0
63,CHEMBL422931,FC(F)(F)c1cc(COCC2(c3ccccc3)CCNCC2)cc(C(F)(F)F)c1,<,6.0,0
64,CHEMBL698,CCCCNc1ccc(C(=O)OCCN(C)C)cc1,,5.466609291982449,0
65,CHEMBL3600970,Clc1ccc(-c2ccc(CCCNc3ccc(CN4CCCCC4)cc3)cc2)cc1,,6.167491087293763,0
66,CHEMBL3681366,Cc1cccc(N2CCN(CCCNC(=O)c3nc(C)n(-c4ccccn4)c3C)CC2)c1C,,6.527243550682788,0
67,CHEMBL4082150,Cc1ccc(Sc2ccccc2N2CCN(CCc3c(C)nc4n(c3=O)CCCC4O)CC2)c(C)c1,,5.935542010773082,0
68,CHEMBL1852339,CCc1nc(C(=O)NCCN2CCN(c3cccc(Cl)c3Cl)CC2)c(C)n1-c1ccccc1,,7.568636235841013,1
69,CHEMBL4213352,COc1ccccc1N1CCN(CCOCCOc2cc(C)cc(C)c2C)CC1,,5.396747338018353,0
70,CHEMBL2393236,CN1CCN(c2nc3c(c(N4CCSCC4)n2)CCNCC3)CC1,<,5.0,0
71,CHEMBL250699,COc1cc(NC(=O)c2ccc(-c3ccc(Cl)cc3)o2)cc(OC)c1,,5.433796416969648,0
72,CHEMBL601859,COc1ccc(S(=O)(=O)N(CCCN2CCN(c3ccc(F)cc3)CC2)CC2CC2)cc1,,7.139661993429006,1
73,CHEMBL900,Cc1ccccc1C(OCCN(C)C)c1ccccc1,,6.360513510731414,0
74,CHEMBL98350,O=c1cc(N2CCOCC2)oc2c(-c3ccccc3)cccc12,,5.553462832926356,0
75,CHEMBL515170,CC[C@@H]1O[C@](/C=C/C2CC2)(C(F)(F)F)c2c(ccc(F)c2F)NC1=O,,4.823908740944319,0
76,CHEMBL297446,COc1cccc(NC(=O)NCCCN2CCCC(CCc3ccccc3)C2)c1,,6.104025267640935,0
77,CHEMBL604952,O=S(=O)(c1cccc2cccnc12)N(CCCN1CCN(c2ccc(Cl)c(Cl)c2)CC1)CC1CCCCC1,,8.113509274827518,1
78,CHEMBL79249,c1ccc2c(c1)Cc1ccccc1N1OC(CN3CCOCC3)CC21,,6.850011543508524,0
79,CHEMBL1852552,Cc1c(Cl)cccc1N1CCN(CCCNC(=O)c2nc(C)n(-c3ccccc3F)c2C)CC1,,7.3979400086720375,1
80,CHEMBL3609158,OCCN1CCN(c2nc(Nc3ccc(F)cc3)c3ccccc3n2)CC1,,4.6724367398127225,0
81,CHEMBL1123,CCN(CC)CCOC(=O)C1(C2CCCCC2)CCCCC1,,6.619788758288394,0
82,CHEMBL1092921,O=C(CNC(=O)c1cccc(C(F)(F)F)c1)N[C@@H]1CCN(CCC2CCN(C(=O)c3cc(F)ccc3F)CC2)C1,<,5.0,0
83,CHEMBL85,Cc1nc2n(c(=O)c1CCN1CCC(c3noc4cc(F)ccc34)CC1)CCCC2,,9.021075652970246,1
84,CHEMBL1214115,CCCn1c(-c2ccccc2)cc(C(=O)NCCCN2CCN(c3cc(F)ccc3F)CC2)c1C,,6.8696662315049934,0
85,CHEMBL1221497,CN1CCN(c2cccc(NS(=O)(=O)c3ccc4ccccc4c3)c2)CC1,,5.791558643561433,0
86,CHEMBL3805600,CC(=O)Nc1cccc(OCCCCN2CCN(c3cccc(Cl)c3Cl)CC2)c1,,5.978810700930062,0
87,CHEMBL1933409,CN1CCC(N(C)S(=O)(=O)c2cccc(F)c2)CC1,,5.730720610228102,0
88,CHEMBL1933398,CN1CCC(N(C)S(=O)(=O)c2ccccc2)CC1,,5.991825815993574,0
89,CHEMBL357995,Cc1cc2c(OCC(CNC(C)(C)C)OC(=O)c3ccccc3)cccc2[nH]1,,5.801068130067791,0
90,CHEMBL221297,CC(C)(C)NC1=NCCNC(c2ccc(F)cc2F)=C1,,7.958607314841775,1
91,CHEMBL3286557,CNc1nc(C(F)(F)c2ccccc2)nc2c1CCNCC2,,6.924453038607469,0
92,CHEMBL2393269,Fc1ccc(Nc2nc(N3CCOCC3)nc3[nH]ncc23)cc1,,5.582030357785263,0
93,CHEMBL629,CN(C)CCC=C1c2ccccc2CCc2ccccc21,,7.823908740944319,1
94,CHEMBL600606,O=S(=O)(c1ccc2ccccc2c1)N(CCCN1CCN(c2ccc(F)cc2)CC1)CC1CC1,,7.292429823902063,1
95,CHEMBL2393267,CN(C)c1nc(Nc2ccc(F)cc2)c2cn[nH]c2n1,,5.311580177997289,0
96,CHEMBL3233142,CN1CCN2c3c(cccc31)[C@@H]1CN(CCCC(=O)c3ccc(F)cc3)CC[C@@H]12,,8.154901959985743,1
97,CHEMBL2393265,Cc1ccc(CNc2nc(Nc3ccc(F)cc3)c3cn[nH]c3n2)cc1,,6.023650020996727,0
98,CHEMBL179578,c1ccc2nc(N3CCN(C4CC4)CC3)ccc2c1,<,5.0,0
99,CHEMBL436513,CC(C)(NC1=NCCNC(c2ccc(F)cc2F)=C1)C1CCC1,,8.853871964321762,1
100,CHEMBL1271756,Cc1nc(C(=O)NCCCN2CCN(c3cccc(Cl)c3Cl)CC2)cc(C(C)C)n1,,6.94692155651658,0
101,CHEMBL1933402,CCCc1ccc(S(=O)(=O)N(C)C2CCN(C)CC2)cc1,,6.482804102050026,0
102,CHEMBL596148,CN(C)CCc1cccc2[nH]cc(S(=O)(=O)c3ccccc3)c12,,6.338187314462739,0
103,CHEMBL3216651,CC[C@]12CCCN3CC[C@]4([C@@H](N[C@@H]5CCCC[C@@H]54)[C@@H](C(=O)OC)C1)[C@@H]32,<,5.0,0
104,CHEMBL3609159,OCCN1CCN(c2nc(Nc3ccc(Cl)cc3)c3ccccc3n2)CC1,,5.129011186239425,0
105,CHEMBL1214116,CCCn1c(-c2ccccc2)cc(C(=O)NCCCN2CCN(c3cccc(C(F)(F)F)c3)CC2)c1C,,6.3872161432802645,0
106,CHEMBL3216083,CCCc1nc(C(=O)NCCCN2CCN(c3cccc(Cl)c3Cl)CC2)c(C)n1-c1ccc2c(c1)OCCO2,,6.97469413473523,0
107,CHEMBL606144,O=S(=O)(c1ccccc1)c1c[nH]c2cccc(CCN3CCCC3)c12,,6.58838029403677,0
108,CHEMBL2158704,COc1ccc(N2CCN(CC[C@@H](OC(N)=O)c3ccccc3)CC2)cc1,,5.236572006437063,0
109,CHEMBL569475,Cn1ncc(Br)c1-c1cc(NC(=O)Nc2ccc(Cl)cc2)ccc1OCCN1CCCC1,,8.721246399047171,1
110,CHEMBL3665545,COCCOc1ccc(NC(=O)c2cccc(C(F)(F)F)c2)cc1-c1ccnn1C,,8.356547323513812,1
111,CHEMBL3216286,CCCc1nc(C(=O)NCCCN2CCN(c3cccc(Cl)c3C)CC2)c(C)n1-c1ccccc1OC,,6.767003889607846,0
112,CHEMBL606150,CCCNCCc1cccc2[nH]cc(S(=O)(=O)c3ccccc3)c12,,5.96738123914928,0
113,CHEMBL259776,COc1ccccc1N1CCN(CCCC(=O)NCc2nc3ccc(F)cc3c(=O)n2-c2ccccc2)CC1,<,5.0,0
114,CHEMBL3805704,CNC(=O)c1cccc(OCCCCN2CCN(c3cccc4sccc34)CC2)c1,,6.665546248849069,0
115,CHEMBL3805518,CNC(=O)c1cc(OCCCCN2CCC(c3noc4cc(F)ccc34)CC2)ccc1F,,7.823908740944319,1
116,CHEMBL4293718,O=C1[C@H]2[C@@H]3C=C[C@@H](C3)[C@H]2C(=O)N1CCCCN1CCN(c2cccc3c2OC(F)(F)O3)CC1,,5.546681659952962,0
117,CHEMBL218592,CC(C)(C)NC1=NCCNC(c2ccc(F)cc2)=C1,,7.6777807052660805,1
118,CHEMBL1271984,CSc1nc(C)cc(C(=O)NCCN2CCN(c3cccc(Cl)c3Cl)CC2)n1,,7.259637310505756,1
119,CHEMBL218479,CCC(C)(CC)NC1=NCCNC(c2ccccc2F)=C1,,7.838631997765025,1
120,CHEMBL584554,CCN(CC)C(=O)[C@@H]1C=C2c3cccc4[nH]cc(c34)C[C@H]2N(C(=O)Nc2ccccc2)C1,,6.1249387366083,0
121,CHEMBL79838,Clc1cccc(N2CCN(CC3CC4c5ccccc5Cc5ccccc5N4O3)CC2)c1,<,6.0,0
122,CHEMBL454657,CNCc1cc(F)c(OC)cc1Oc1ccc(Cl)c(Cl)c1,,7.127261172527331,1
123,CHEMBL1088165,Cc1cccc(N2CCN(CCCNC(=O)c3cc(-c4ccccc4)n(N4CCCCC4)c3C)CC2)c1C,,6.876148359032914,0
124,CHEMBL1933407,CN1CCC(N(C)S(=O)(=O)c2ccc([N+](=O)[O-])cc2)CC1,<,5.0,0
125,CHEMBL3601038,CC(=O)NC1CCN(Cc2ccc(NCCCc3ccc(Oc4ccccc4)nn3)cc2)CC1,<,5.0,0
126,CHEMBL310183,CN(C)CC1CC2c3ccccc3Oc3ccc(Cl)cc3N2O1,,8.720105019988361,1
127,CHEMBL462225,CNCc1cc(Cl)ccc1Oc1ccc(C)c(C)c1,,7.292429823902063,1
128,CHEMBL472389,CNCc1cc(F)ccc1Oc1ccccc1,,6.173925197299173,0
129,CHEMBL218336,CCN(CC)C1=NCCNC(c2ccc(C)cc2)=C1,<,6.0,0
130,CHEMBL113956,CCOc1ccc(CCNC(=O)N2CCN(CCCC(c3ccc(F)cc3)c3ccc(F)cc3)CC2)cc1,,6.636388020107856,0
131,CHEMBL1275709,CN(C)[C@@H]1CC[C@H](c2c[nH]c3ccc(C#N)cc23)C1,,6.075720713938118,0
132,CHEMBL44,O=c1c(-c2ccc(O)cc2)coc2cc(O)cc(O)c12,,4.980094800195386,0
133,CHEMBL593614,O=S(=O)(c1ccccc1)c1c[nH]c2cccc(CCN3CCCCCC3)c12,,7.161150909262744,1
134,CHEMBL576315,NCCn1cc(S(=O)(=O)c2ccccc2)c2cccnc21,<,5.301029995663981,0
135,CHEMBL3398397,CN(C)/C=N/N=C/c1cn(S(=O)(=O)c2cccc3ccccc23)c2cccc([N+](=O)[O-])c12,,6.255707016877324,0
136,CHEMBL315044,COc1ccc2c(c1)C1CC(CN(C)C)ON1c1ccccc1C2,,6.519993057042849,0
137,CHEMBL1509570,COc1ccc(S(=O)(=O)N(C)C2CCN(C)CC2)cc1,,6.080398976215889,0
138,CHEMBL506736,Cc1c(O[C@@H](C)c2cccc(F)c2)cccc1C1CCNCC1,<,6.0,0
139,CHEMBL3216975,CCCc1nc(C(=O)NCCCN2CCN(c3cccc(Cl)c3C)CC2)c(C)n1-c1ccc2c(c1)OCCO2,,7.327902142064283,1
140,CHEMBL221250,CCC1(NC2=NCCNC(c3ccc(F)cc3)=C2)CCCC1,,9.096910013008056,1
141,CHEMBL3216504,CCCc1nc(C(=O)NCC(O)CN2CCN(c3cccc(Cl)c3C)CC2)c(C)n1-c1ccc2c(c1)OCCO2,,6.6252516539898965,0
142,CHEMBL501235,COc1cc(/C=C/C(=O)O)cc(OC)c1OC,<,5.0,0
143,CHEMBL4104261,Cc1nc2n(c(=O)c1CCN1CCN(c3cccc4sccc34)CC1)CCCC2F,,7.991399828238082,1
144,CHEMBL4217986,NC(=O)c1cc(OCCCCN2CCN(c3nsc4ccccc34)CC2)ccn1,,6.281498311132726,0
145,CHEMBL601887,O=S(=O)(c1cccc2cccnc12)N(CCCN1CCN(c2ccc(F)cc2)CC1)CC1CCCCC1,,8.292429823902063,1
146,CHEMBL3600974,O=C(CCc1ccc(-c2ccc(Cl)cc2)cc1)Nc1ccc(CN2CCCCC2)cc1,,6.860120913598763,0
147,CHEMBL309981,c1ccc(N2CCN(CC3CC4c5ccccc5Cc5ccccc5N4O3)CC2)cc1,<,6.0,0
148,CHEMBL1933414,Cc1ccccc1S(=O)(=O)N(C)C1CCN(C)CC1,,5.809668301829708,0
149,CHEMBL495212,O=S(=O)(NCCCN1CCN(c2ccc(Cl)c(Cl)c2)CC1)c1ccc2ccccc2c1,,7.721246399047171,1
150,CHEMBL4062936,Cc1nc2n(c(=O)c1CCN1CCC(c3noc4cc(F)ccc34)CC1)CCCC2F,,7.6020599913279625,1
151,CHEMBL451076,CNCc1cc(C#N)ccc1Oc1ccc(Cl)c(Cl)c1,,5.497572880015567,0
152,CHEMBL584046,CN(C)CCn1cc(S(=O)(=O)c2cccc(Cl)c2)c2cccnc21,,6.882728704344236,0
153,CHEMBL2393243,c1ccc(Cc2nc3c(c(Nc4ccccc4)n2)CCNCC3)cc1,,8.570247719997592,1
154,CHEMBL3805046,CNC(=O)c1cccc(OCCCCN2CCN(c3cccc(Cl)c3Cl)CC2)c1F,,7.518557371497695,1
155,CHEMBL267930,O=C(CCCN1CCC2(CC1)C(=O)NCN2c1ccccc1)c1ccc(F)cc1,,8.246416941107093,1
156,CHEMBL7568,CCN(CC)CCCC(C)Nc1c2ccc(Cl)cc2nc2ccc(OC)cc12,,5.574628833561059,0
157,CHEMBL222320,CC(C)(C)NC1=NCCNC(c2ccccc2F)=C1,,7.7447274948966935,1
158,CHEMBL194305,COc1ccc2[nH]c(C)c(C3=CCNCC3)c2c1,<,6.0,0
159,CHEMBL601673,O=S(=O)(c1ccc(F)cc1)N(CCCN1CCN(c2ccccc2)CC1)CC1CC1,,6.847711655616943,0
160,CHEMBL4102561,Cc1nc2c(O)cccn2c(=O)c1CCN1CCN(c2cccc3sccc23)CC1,,7.146910470148135,1
161,CHEMBL598378,Cn1ncc(Br)c1-c1cc(NC(=O)Nc2ccc(Cl)cc2)ccc1OCc1ccccc1,,8.100015437450608,1
162,CHEMBL3216507,COc1ccc(-n2c(-c3ccccc3)nc(C(=O)NCC(O)CN3CCN(c4cccc(Cl)c4C)CC3)c2C)cc1,,6.769551078621726,0
163,CHEMBL3216961,Cc1c(Cl)cccc1N1CCN(CCCNC(=O)c2nc(C)n(C3CCCC3)c2C)CC1,,7.09366495819491,1
164,CHEMBL2393273,CN1CCN(c2nc(Nc3ccc(F)cc3)c3cn[nH]c3n2)CC1,,7.616184634019569,1
165,CHEMBL85735,Cc1ccc2c(c1)N1OC(CN(C)C)CC1c1ccccc1C2,,8.510041520575164,1
166,CHEMBL3216505,Cc1c(Cl)cccc1N1CCN(CC(O)CNC(=O)c2nc(C)n(C3CCCC3)c2C)CC1,,7.010550182333308,1
167,CHEMBL3216518,CCCc1nc(C(=O)NCCCN2CCN(c3cccc(C)c3C)CC2)c(C)n1-c1ccc2c(c1)OCCO2,,6.617982957425132,0
168,CHEMBL1852359,Cc1cccc(N2CCN(CCCNC(=O)c3nc(C)n(-c4ccccc4Cl)c3C)CC2)c1C,,7.096910013008056,1
169,CHEMBL3681353,CCc1c(C(=O)NCCCN2CCN(c3cccc(Cl)c3Cl)CC2)nc(-c2ccc(Cl)cc2Cl)n1-c1ccc(Br)cc1,,5.634512015109101,0
170,CHEMBL1212957,Cc1c(C(=O)NCCCN2CCN(c3cccc(Cl)c3Cl)CC2)cc(-c2cccnc2)n1C,,6.679853713888946,0
171,CHEMBL527094,CNC(C)c1ccc(OC)cc1Oc1ccc(Cl)c(Cl)c1,,7.055517327849832,1
172,CHEMBL3805376,CNC(=O)c1ccc(OCCCCN2CCN(c3cccc(Cl)c3Cl)CC2)cc1,,6.086186147616283,0
173,CHEMBL416336,CCCN(CCC)CC1(N(CCC)CCC)COc2cccc(OC)c2C1,,3.669999997867538,0
174,CHEMBL455423,COc1ccc(CN(C)C)c(Oc2ccc(Cl)c(Cl)c2)c1,,7.434152181326482,1
175,CHEMBL1093469,O=C(CNC(=O)c1cccc(C(F)(F)F)c1)N[C@@H]1CCN(CCN2CCN(C(=O)c3ccccc3)CC2)C1,<,5.0,0
176,CHEMBL601249,COc1ccc(S(=O)(=O)N(CCCN2CCN(c3ccccc3)CC2)CC2CC2)cc1,,6.866461091629782,0
177,CHEMBL571858,CN(C)CCn1cc(S(=O)(=O)c2cccc(F)c2)c2cccnc21,,6.454692883534176,0
178,CHEMBL1214177,Cc1c(C(=O)N(C)CCCN2CCN(c3cccc(Cl)c3Cl)CC2)cc(-c2ccccc2)n1C,,7.4089353929735005,1
179,CHEMBL3681365,CCCc1nc(C(=O)NCC(O)CN2CCN(c3cccc(C)c3C)CC2)cn1-c1ccccc1,,6.297569463554475,0
180,CHEMBL4218526,CCNC(=O)c1cncc(OCCCCN2CCC(c3noc4cc(F)ccc34)CC2)c1,,7.025949097207123,1
181,CHEMBL451178,CN(C)Cc1cc(CC(N)=O)ccc1Oc1ccc(Cl)c(Cl)c1,,5.649751981665837,0
182,CHEMBL602087,O=S(=O)(c1ccc2ccccc2c1)N(CCCN1CCN(c2cccc(C(F)(F)F)c2)CC1)CC1CCCCC1,,7.882728704344236,1
183,CHEMBL4098594,Cc1nc2n(c(=O)c1CCN1CCN(c3noc4cc(F)ccc34)CC1)CCCC2O,,8.542118103266008,1
184,CHEMBL4084663,Cc1nc2n(c(=O)c1CCN1CCN(c3nsc4ccccc34)CC1)CCCC2=O,,8.193820026016112,1
185,CHEMBL601458,O=S(=O)(c1ccc(C(F)(F)F)cc1)N(CCCN1CCN(c2ccccc2)CC1)CC1CC1,,7.149966742310231,1
186,CHEMBL1082723,C[C@H]1Cc2c([nH]c3cc(Cl)c(F)cc23)[C@@]2(N1)C(=O)Nc1ccc(Cl)cc12,<,5.0,0
187,CHEMBL1088313,Cc1c(C(=O)NCCCN2CCN(c3cccc(Cl)c3Cl)CC2)cc(-c2ccccc2)n1N1CCCCC1,,7.1732774798310075,1
188,CHEMBL505091,CNCc1cc(Cl)ccc1Oc1ccc(Cl)c(Cl)c1,,6.367542707815276,0
189,CHEMBL104,Clc1ccccc1C(c1ccccc1)(c1ccccc1)n1ccnc1,,4.953036845876576,0
190,CHEMBL386612,CC(C)(Cc1ccccc1)NC1=NCCNC(c2ccccc2F)=C1,,8.42021640338319,1
191,CHEMBL4226858,C#CCOCCOCCOc1cccc([C@H](O)C2CCN(CCc3ccc(F)cc3)CC2)c1OC,,7.248607742651163,1
192,CHEMBL54786,O=C1Cc2cc(CCN3CCN(c4cccc5ccccc45)CC3)ccc2N1,,7.698970004336019,1
193,CHEMBL1222134,CC(C)N(c1cccc(N2CCN(C)CC2)c1)S(=O)(=O)c1ccc2ccccc2c1,,6.928117992693875,0
194,CHEMBL454288,Cc1ccc(Oc2ccccc2CN(C)C)cc1,,7.129596094720973,1
195,CHEMBL1852617,Cc1cccc(N2CCN(CCCNC(=O)c3nc(C(C)C)n(-c4ccccc4)c3C)CC2)c1C,,6.978810700930062,0
196,CHEMBL488060,CNCc1cc(F)ccc1Oc1ccc(Cl)c(Cl)c1,,6.686132779630847,0
197,CHEMBL601855,COc1ccc(S(=O)(=O)N(CCCN2CCN(c3cccc(C(F)(F)F)c3)CC2)CC2CC2)cc1,,6.139063379299906,0
198,CHEMBL1852372,CCCc1nc(C(=O)NCCCN2CCN(c3cccc(Cl)c3Cl)CC2)c(C)n1-c1ccccc1,,7.6777807052660805,1
199,CHEMBL3215862,Cc1cccc(N2CCN(CCCNC(=O)c3nc(C)n(-c4ccc(Cl)cc4)c3C)CC2)c1C,,7.173925197299173,1
200,CHEMBL1411979,CN(C)CCN(Cc1cccs1)c1ccccn1,,6.2020403562628035,0
201,CHEMBL445,CNCCC=C1c2ccccc2CCc2ccccc21,,7.292429823902063,1
202,CHEMBL603078,COc1ccc(NC(=O)Nc2ccc(F)cc2)cc1-c1c(Br)cnn1C,,9.599980364934842,1
203,CHEMBL600822,COc1ccc(S(=O)(=O)N(CCCN2CCN(c3ccccc3OC)CC2)CC2CCCCC2)cc1,,7.787812395596042,1
204,CHEMBL138458,COC1Cc2ccccc2C2(CCN(CCCc3ccccc3)CC2)O1,,6.337242168318426,0
205,CHEMBL4128926,CC(C)(C)NS(=O)(=O)c1ccc(-c2sc(C(=O)N[C@H]3C[C@H](C(=O)O)C3)nc2CC2CCCCC2)c2ccccc12,,9.193820026016112,1
206,CHEMBL3681352,Cc1nc(C(=O)NCCCN2CCN(c3cccc(Cl)c3Cl)CC2)c(C)n1-c1ccc(Cl)cc1,,7.522878745280337,1
207,CHEMBL84293,CCN(CC)CC1CC2c3ccccc3Cc3ccccc3N2O1,,7.36997914888659,1
208,CHEMBL325516,O=C(OCCc1ccc(F)cc1)N1CCN(CCCC(c2ccc(F)cc2)c2ccc(F)cc2)CC1,,5.97469413473523,0
209,CHEMBL595133,CCNCCc1cccc2[nH]cc(S(=O)(=O)c3ccccc3)c12,,5.989276134608227,0
210,CHEMBL3805165,CNC(=O)c1cccc(OCCCCN2CCN(c3cccc4c3OC(F)(F)O4)CC2)c1,<,5.0,0
211,CHEMBL3216506,COc1ccc(-n2c(C)nc(C(=O)NCC(O)CN3CCN(c4cccc(C)c4C)CC3)c2C)cc1,,6.757210190521324,0
212,CHEMBL1088164,Cc1cccc(N2CCN(CCCNC(=O)c3cc(-c4ccccc4)n(CC(C)C)c3C)CC2)c1C,,6.047207556955908,0
213,CHEMBL3215618,CCCc1nc(C(=O)NCCCN2CCN(c3cccc(C)c3C)CC2)c(C)n1-c1ccc(F)cc1,,7.508638306165727,1
214,CHEMBL1222364,CCN(c1cccc(N2CCN(C)CC2)c1)S(=O)(=O)c1ccc2ccccc2c1,,6.661543506395395,0
215,CHEMBL1201356,CC[C@@H](CO)NC(=O)[C@@H]1C=C2c3cccc4[nH]cc(c34)C[C@H]2N(C)C1,,8.593971055036384,1
216,CHEMBL2393231,CNc1nc(N2CCN(C)CC2)nc2c1CCNCC2,<,5.0,0
217,CHEMBL2387229,Cc1cc(=O)oc2c(Cl)c(OCCCCN3CCC(c4noc5cc(F)ccc45)CC3)ccc12,,7.406713932979542,1
218,CHEMBL1222363,CCCN(c1cccc(N2CCN(C)CC2)c1)S(=O)(=O)c1ccc2ccccc2c1,,6.410050398674292,0
219,CHEMBL3600801,O=C(NCCc1ccc(CN2CCCC2)cc1)c1ccc(-c2ccc(Cl)cc2)cc1,,6.97061622231479,0
220,CHEMBL325258,N#Cc1ccc(CCOC(=O)N2CCN(CCCc3ccccc3)CC2)cc1,,6.068542129310995,0
221,CHEMBL4588956,CCCCCCCCCCNC(=O)/C=C/c1cc(OC)c(OC)c(OC)c1,,5.167491087293763,0
222,CHEMBL259415,Cc1cccc(N2CCN(CCCC(=O)NCc3nc4ccccc4c(=O)n3-c3ccccc3)CC2)c1C,,5.958607314841775,0
223,CHEMBL602060,O=S(=O)(c1ccc2ccccc2c1)N(CCCN1CCN(c2ccccc2)CC1)CC1CC1,,7.444905551421681,1
224,CHEMBL604685,O=S(=O)(c1ccccc1)c1c[nH]c2cccc(CCCN3CCCCC3)c12,,5.09843270997155,0
225,CHEMBL3216498,CCCc1nc(C(=O)NCCCN2CCN(c3cccc(Cl)c3C)CC2)c(C)n1-c1ccc(F)cc1,,7.267606240177032,1
226,CHEMBL726,OCCN1CCN(CCCN2c3ccccc3Sc3ccc(C(F)(F)F)cc32)CC1,,8.292089334286894,1
227,CHEMBL261434,Cc1cccc(N2CCN(CCCC(=O)NCc3nc4ccc(F)cc4c(=O)n3-c3ccccc3)CC2)c1C,,6.376750709602099,0
228,CHEMBL3601042,OC1CCN(Cc2ccc(OCCCc3ccc(-c4ccc(Cl)cc4)nn3)cc2)CC1,,5.85078088734462,0
229,CHEMBL3216738,Cc1nc(C(=O)NCCCN2CCN(c3cccc(Cl)c3Cl)CC2)c(C)n1-c1ccccc1C(F)(F)F,,7.236572006437063,1
230,CHEMBL2393233,CN1CCN(c2nc3c(c(N(C)C)n2)CCNCC3)CC1,<,5.0,0
231,CHEMBL3600814,CC(=O)N1CCN(Cc2ccc(CCNC(=O)c3ccc(-c4ccc(Cl)cc4)cc3)cc2)CC1,,5.632644078973981,0
232,CHEMBL1385840,CC(C)[C@H]1C(=O)N2CCC[C@H]2[C@]2(O)O[C@](NC(=O)[C@@H]3C=C4c5cccc6[nH]cc(c56)C[C@H]4N(C)C3)(C(C)C)C(=O)N12,,7.552841968657781,1
233,CHEMBL451137,CNCc1ccc(Br)cc1Oc1ccc(Cl)c(Cl)c1,,7.175223537524454,1
234,CHEMBL86,CCN(CC)CCNC(=O)c1cc(Cl)c(N)cc1OC,,5.434742656579786,0
235,CHEMBL3609171,Clc1ccc(Nc2nc(N3CCNCC3)nc3ccccc23)cc1,,5.779891911959945,0
236,CHEMBL285157,C1=C(c2c[nH]c3ccccc23)CCN(Cc2ccccc2)C1,,5.581015013109445,0
237,CHEMBL1214175,CCCn1c(-c2ccccc2)cc(C(=O)NCCCN2CCN(c3cccc4cccnc34)CC2)c1C,,6.6777807052660805,0
238,CHEMBL3609167,OCCN1CCN(c2nc(Nc3cccc(O)c3)c3ccccc3n2)CC1,,5.0400051616715835,0
239,CHEMBL1852505,COc1ccc(-n2c(C)nc(C(=O)NCCCN3CCN(c4cccc(Cl)c4C)CC3)c2C)cc1,,7.636388020107856,1
240,CHEMBL4288388,O=C1c2cccc(Cl)c2C(=O)N1CCCCN1CCN(c2cccc3sccc23)CC1,,6.549750891680639,0
241,CHEMBL480127,Cc1ccc2[nH]cc(C(=O)Nc3ccc(Oc4cccnc4C)nc3)c2c1,<,6.0,0
242,CHEMBL4294797,O=C1c2ccccc2C(=O)N1CCCCN1CCN(c2cccc3sccc23)CC1,,6.165579296318468,0
243,CHEMBL218343,CC(C)(C)NC1=NCCNC(c2cccc(C(F)(F)F)c2)=C1,,6.289036881004725,0
244,CHEMBL1080215,Cc1[nH]c(-c2ccccc2)cc1C(=O)NCCCN1CCN(c2cccc(Cl)c2)CC1,,6.610833915635467,0
245,CHEMBL455424,CNCc1cc(S(=O)(=O)NC)ccc1Oc1ccc(Cl)c(Cl)c1,,5.254144804826271,0
246,CHEMBL3216290,Cc1c(Cl)cccc1N1CCN(CC(O)CNC(=O)c2nc(C)n(-c3ccc(F)cc3)c2C)CC1,,6.5951662833800615,0
247,CHEMBL2393244,Fc1cccc(Nc2nc(Cc3ccccc3)nc3c2CCNCC3)c1,,8.30803489723264,1
248,CHEMBL1275791,CN(C)[C@H]1CC[C@@H](c2c[nH]c3ccc(F)cc23)C1,,4.552841968657781,0
249,CHEMBL2393277,Fc1ccc(Nc2nc(N3CCN(c4ccc(F)cc4)CC3)nc3[nH]ncc23)cc1,,7.747146969020107,1
250,CHEMBL1089881,O=C(CNC(=O)c1cccc(C(F)(F)F)c1)N[C@@H]1CCN(CCC2CCN(C(=O)c3ccccc3F)CC2)C1,<,5.0,0
251,CHEMBL3217172,Cc1c(Cl)cccc1N1CCN(CC(O)CNC(=O)c2nc(C)n(-c3cccc(Cl)c3)c2C)CC1,,6.73969005420508,0
252,CHEMBL1479,C#C[C@]1(O)CC[C@H]2[C@@H]3CCC4=Cc5oncc5C[C@]4(C)[C@H]3CC[C@@]21C,,5.053056729302175,0
253,CHEMBL1213856,Cc1c(C(=O)NCCCN2CCN(c3ccc(Cl)cc3Cl)CC2)cc(-c2ccccc2)n1C,,6.671620396561262,0
254,CHEMBL249854,CC(=O)c1sc(NC(=O)N[C@@H]2CN(C(C)=O)CC[C@H]2CN2CCC[C@@H](Cc3ccc(F)cc3)C2)nc1C,,5.275724130399211,0
255,CHEMBL1214303,Cc1c(C(=O)NCCN2CCN(c3cccc(Cl)c3Cl)CC2)c(C)n(C)c1-c1ccccc1,,7.481486060122113,1
256,CHEMBL3681364,Cc1cccc(N2CCN(CCNC(=O)c3nc(C)n(-c4ccc5c(c4)OCO5)c3C)CC2)c1C,,7.5376020021010435,1
257,CHEMBL1081036,Cc1c(C(=O)NCCCCN2CCN(c3cccc(Cl)c3Cl)CC2)cc(-c2ccccc2)n1C,,7.552841968657781,1
258,CHEMBL1852341,Cc1nc(C(=O)NCCCN2CCN(c3cccc(Cl)c3Cl)CC2)c(C)n1-c1ccccc1,,7.730487055782084,1
259,CHEMBL1909072,NC(=O)C1CCN(CCCN2c3ccccc3Sc3ccc(Cl)cc32)CC1,,8.712646227285253,1
260,CHEMBL4214642,CNC(=O)c1cccc(OCCCCN2CCN(c3nsc4cc(F)ccc34)CC2)n1,,7.374687549038327,1
261,CHEMBL2393248,COc1ccc(Nc2nc(Cc3ccccc3)nc3c2CCNCC3)cc1,,7.241088107602026,1
262,CHEMBL1617116,CN1CCC(N(C)S(=O)(=O)c2ccc(C(C)(C)C)cc2)CC1,,6.284832642151542,0
263,CHEMBL4060678,Cc1nc2n(c(=O)c1CCN1CCN(c3nsc4ccccc34)CC1)CCCC2O,,8.285670240254767,1
264,CHEMBL1271757,Cc1nc(C(=O)NCCCN2CCN(c3cccc(Cl)c3Cl)CC2)cc(-c2ccccc2)n1,,7.455931955649724,1
265,CHEMBL3600830,CC1CCN(CCOc2ccc(C#Cc3ccc(-c4ccc(Cl)cc4)cn3)cc2)CC1,,5.8683813356508745,0
266,CHEMBL128,CNS(=O)(=O)Cc1ccc2[nH]cc(CCN(C)C)c2c1,,4.920932421445461,0
267,CHEMBL4091554,Cc1nc2n(c(=O)c1CCN1CCN(c3cncc4sccc34)CC1)CCCC2O,,7.184422251675732,1
268,CHEMBL1088314,Cc1c(C(=O)NCCCN2CCN(c3cccc(Cl)c3Cl)CC2)cc(-c2ccccc2)n1-c1ccc(F)cc1,,8.387216143280265,1
269,CHEMBL1080747,Cc1c(C(=O)NCCCN2CCN(c3cccc(Cl)c3)CC2)cc(-c2ccccc2)n1-c1ccc(F)cc1,,7.640164517660112,1
270,CHEMBL314795,Cc1cccc2c1C1CC(CN(C)C)ON1c1ccccc1C2,,7.320027305722581,1
271,CHEMBL64894,CN(C)c1ccc(C(=C2C=CC(=[N+](C)C)C=C2)c2ccc(N(C)C)cc2)cc1,,5.5805399272139296,0
272,CHEMBL475121,CNCc1ccc(Cl)cc1Oc1ccc(C)c(C)c1,,8.465973893943865,1
273,CHEMBL2393254,CN1CCN(c2nc(Nc3ccc(Cl)cc3)c3cn[nH]c3n2)CC1,,7.540607512240769,1
274,CHEMBL3215628,COc1ccc(-n2c(C)nc(C(=O)NCCCN3CCN(c4cccc(C)c4C)CC3)c2C)cc1,,7.202732459169283,1
275,CHEMBL1933400,CC(C)c1ccc(S(=O)(=O)N(C)C2CCN(C)CC2)cc1,,6.79317412396815,0
276,CHEMBL3311308,COc1ccc(S(=O)(=O)Nc2c(C)cc(C)cc2C)cc1,<,4.399999967876858,0
277,CHEMBL3600972,O=C(/C=C/c1ccc(-c2ccc(Cl)cc2)cc1)Nc1ccc(CN2CCCCC2)cc1,,5.713992877920526,0
278,CHEMBL4094825,Cc1nc2ccccn2c(=O)c1CCN1CCN(c2cccc3sccc23)CC1,,8.03905380426617,1
279,CHEMBL601886,O=S(=O)(c1cccc2cccnc12)N(CCCN1CCN(c2cccc(C(F)(F)F)c2)CC1)CC1CCCCC1,,7.536107011014093,1
280,CHEMBL1201216,Cc1ccccc1N1CCN(CCc2nnc3n2CCCC3)CC1,,6.217527375833714,0
281,CHEMBL3286556,CNc1nc(Cc2ccccc2)nc2c1CCNC[C@@H]2C,,6.443697499232713,0
282,CHEMBL1080728,CCCn1c(-c2ccccc2)cc(C(=O)NCCCN2CCN(c3cccc(Cl)c3)CC2)c1C,,6.718966632752273,0
283,CHEMBL2393238,CN1CCN(c2nc3c(c(OCc4ccco4)n2)CCNCC3)CC1,,5.580870692258024,0
284,CHEMBL3216303,Cc1nc(C(=O)NCCCN2CCN(c3cccc(Cl)c3Cl)CC2)c(C)n1C1CCCC1,,7.259637310505756,1
285,CHEMBL1933413,CN1CCC(N(C)S(=O)(=O)c2ccccc2Cl)CC1,,5.497572880015567,0
286,CHEMBL1403281,CC(C)C[C@H]1C(=O)N2CCC[C@H]2[C@]2(O)O[C@](NC(=O)[C@@H]3C=C4c5cccc6[nH]cc(c56)C[C@H]4N(C)C3)(C(C)C)C(=O)N12,,7.327902142064283,1
287,CHEMBL21731,CNCCCC12CCC(c3ccccc31)c1ccccc12,,7.1938200260161125,1
288,CHEMBL4064609,Cc1nc2n(c(=O)c1CCN1CCN(c3ncnc4sccc34)CC1)CCCC2O,,5.954677021213342,0
289,CHEMBL3806047,CNC(=O)c1cc(C)cc(OCCCCN2CCN(c3cccc(Cl)c3Cl)CC2)c1,,5.853871964321762,0
290,CHEMBL3681361,COc1cc(OC)cc(-n2c(C)nc(C(=O)NCCN3CCN(c4cccc(C)c4C)CC3)c2C)c1,,7.013228265733755,1
291,CHEMBL451330,CNCc1ccc(Cl)cc1Oc1ccc(C)c(Cl)c1,,8.040481623027002,1
292,CHEMBL3408847,CCOc1nc(NC(=O)C(C)(C)NC(=O)c2ccc3c(C4CCCC4)c(-c4ncc(Cl)cn4)n(C)c3c2)cnc1/C=C/C(=O)O,,5.2839966563652006,0
293,CHEMBL437147,CC(C)(C)CNC1=NCCNC(c2ccccc2F)=C1,,5.8195873671616765,0
294,CHEMBL41,CNCCC(Oc1ccc(C(F)(F)F)cc1)c1ccccc1,,6.7121982700697735,0
295,CHEMBL2393256,CNc1nc(Nc2ccc(F)cc2)c2cn[nH]c2n1,<,5.0,0
296,CHEMBL141209,COC1Cc2ccccc2C2(CCN(Cc3ccccc3)CC2)O1,,5.180456064458132,0
297,CHEMBL601022,COc1ccc(S(=O)(=O)N(CCCN2CCN(c3cccc(C(F)(F)F)c3)CC2)CC2CCCCC2)cc1,,7.709965388637482,1
298,CHEMBL1626,CN1CCC[C@@H]1CCO[C@](C)(c1ccccc1)c1ccc(Cl)cc1,,7.494850021680094,1
299,CHEMBL2393235,CN1CCN(c2nc3c(c(N4CCOCC4)n2)CCNCC3)CC1,<,5.0,0
300,CHEMBL1213934,Cc1c(C(=O)NCCCN2CCN(c3cccc4cccnc34)CC2)cc(-c2ccccc2)n1C,,6.453457336521869,0
301,CHEMBL1933396,CN1CCC(N(C)S(=O)(=O)c2ccc(F)cc2)CC1,,5.229147988357856,0
302,CHEMBL488242,CNCc1ccccc1Oc1ccc(Cl)cc1,,5.978810700930062,0
303,CHEMBL3398395,COc1ccc(OC)c(S(=O)(=O)n2cc(/C=N/N=C/N(C)C)c3c([N+](=O)[O-])cccc32)c1,,6.319664486585436,0
304,CHEMBL1933401,CCc1ccc(S(=O)(=O)N(C)C2CCN(C)CC2)cc1,,6.3448615651886175,0
305,CHEMBL1088163,CCCn1c(-c2ccccc2)cc(C(=O)NCCCN2CCN(c3cccc(C)c3C)CC2)c1C,,6.889410289700751,0
306,CHEMBL1200406,CN(C)CCOC(c1ccccc1)c1ccccc1,,6.023498498485461,0
307,CHEMBL3601047,CC(=O)NC1CCN(Cc2ccc(OCCCc3ccc(Oc4ccccc4)nn3)cc2)CC1,,5.015472686656207,0
308,CHEMBL603061,COc1ccc(NC(=O)Nc2ccc(F)c(F)c2)cc1-c1c(Cl)cnn1C,,9.299988937677888,1
309,CHEMBL1222362,CN1CCN(c2cccc(N(C)S(=O)(=O)c3ccc4ccccc4c3)c2)CC1,,5.846795099915716,0
310,CHEMBL411,CC/C(=C(/CC)c1ccc(O)cc1)c1ccc(O)cc1,,5.319664486585436,0
311,CHEMBL3940285,Cc1[nH]nc(C(=O)N2CCN(CC(=O)c3ccc(F)cc3)CC2)c1F,,7.958607314841775,1
312,CHEMBL326263,N#Cc1ccc(CCOC(=O)N2CCN(CCCC(c3ccc(F)cc3)c3ccc(F)cc3)CC2)cc1,,6.145693958198919,0
313,CHEMBL3736156,CB1C=Cc2c(cccc2OCC(O)CN(C)C)N1,<,5.300000202445418,0
314,CHEMBL159483,O=C1N[C@@H](Cc2ccc3[nH]cc(CCN4CC[C@@H](CNCc5ccccc5)C4)c3c2)CO1,,5.522878745280337,0
315,CHEMBL4210128,O=C(NC1CC1)c1ccnc(OCCCCN2CCC(c3noc4cc(F)ccc34)CC2)c1,,7.268411234813262,1
316,CHEMBL4209188,CNC(=O)c1cc(OCCCCN2CCN(c3cccc4sccc34)CC2)ccn1,,6.812479279163537,0
317,CHEMBL2393257,CCNc1nc(Nc2ccc(F)cc2)c2cn[nH]c2n1,<,5.0,0
318,CHEMBL487223,CNCc1ccc(F)cc1Oc1ccc(Cl)c(Cl)c1,,6.186419011431808,0
319,CHEMBL455184,CNCc1ccc(Cl)cc1Oc1ccc(F)c(C)c1,,7.482804102050026,1
320,CHEMBL809,CN[C@H]1CC[C@@H](c2ccc(Cl)c(Cl)c2)c2ccccc21,,5.562106809130486,0
321,CHEMBL184717,Cc1cc(N2CCN(C)CC2)nc2ccc(NC(=O)COc3ccc(Cl)cc3)cc12,,5.661543506395395,0
322,CHEMBL594519,CC(C)NCCCc1cccc2[nH]cc(S(=O)(=O)c3ccccc3)c12,,5.22337144657985,0
323,CHEMBL3681354,CCc1c(C(=O)NCCCN2CCN(c3cccc(C)c3C)CC2)nc(-c2ccc(Cl)cc2Cl)n1-c1ccc(Br)cc1,,6.896196279044043,0
324,CHEMBL1933574,CN1CCC(N(C)S(=O)(=O)c2cccc3ccsc23)CC1,<,5.0,0
325,CHEMBL3216707,Cc1c(C(=O)NCCCN2CCN(c3ccncc3)CC2)cc(-c2ccccc2)n1C,,5.341130407798038,0
326,CHEMBL469149,COc1cc2c3c(c1OCc1ccccc1)-c1cc4c(cc1CC3N(C)CC2)OCO4,,5.337242168318426,0
327,CHEMBL1213931,Cc1c(C(=O)NCCCN2CCN(c3ccccc3Br)CC2)cc(-c2ccccc2)n1C,,6.655607726314889,0
328,CHEMBL257423,CN(C)Cc1ccccc1Oc1ccc(Cl)cc1,,5.703334809738469,0
329,CHEMBL602889,O=S(=O)(c1cccc2cccnc12)N(CCCN1CCN(c2ccc(F)cc2)CC1)CC1CC1,,8.080921907623926,1
330,CHEMBL3216285,Cc1cccc(N2CCN(CC(O)CNC(=O)c3nc(C)n(-c4ccc(F)cc4)c3C)CC2)c1C,,7.106238237942057,1
331,CHEMBL3600975,O=C(COc1ccc(-c2ccc(Cl)cc2)cc1)Nc1ccc(CN2CCCCC2)cc1,,7.040958607678906,1
332,CHEMBL3398391,CN(C)/C=N/N=C/c1cn(S(=O)(=O)c2ccc(I)cc2)c2cccc([N+](=O)[O-])c12,,6.607303046740334,0
333,CHEMBL386613,CCC1(NC2=NCCNC(c3ccccc3F)=C2)CCCC1,,8.443697499232712,1
334,CHEMBL1271930,CSc1nc(C)cc(C(=O)NCCN2CCN(c3cccc(C)c3C)CC2)n1,,7.327902142064283,1
335,CHEMBL3600828,Clc1ccc(-c2ccc(C#Cc3ccc(OCCN4CCCC4)cc3)nc2)cc1,,6.301029995663981,0
336,CHEMBL4228903,CCCCOc1c(OC)cc(C(=O)NCC2(N(C)C)CCOCC2)cc1OC,,5.886056647693163,0
337,CHEMBL313703,c1ccc2c(c1)CN(CC1CC3c4ccccc4Cc4ccccc4N3O1)C2,<,6.0,0
338,CHEMBL1852472,CCCc1nc(C(=O)NCCN2CCN(c3cccc(Cl)c3Cl)CC2)c(C)n1-c1ccccc1,,7.4089353929735005,1
339,CHEMBL2393237,COc1nc(N2CCN(C)CC2)nc2c1CCNCC2,<,5.0,0
340,CHEMBL488021,CNCc1cc(F)ccc1Oc1ccc(C)c(C)c1,,7.280668713016273,1
341,CHEMBL4277101,O=C1[C@H]2[C@@H]3C=C[C@@H](C3)[C@H]2C(=O)N1CCCCN1CCN(c2cccc3sccc23)CC1,,7.609064892896621,1
342,CHEMBL455511,Cc1ccc(Oc2ccc(Cl)c(Cl)c2)c(CN(C)C)c1,,6.424812155072339,0
343,CHEMBL2393262,Fc1ccc(Nc2nc(NC3CCCCC3)nc3[nH]ncc23)cc1,,5.435807539373802,0
344,CHEMBL2376483,Cc1[nH]c2ccc(F)cc2c1C1=CCNCC1,,6.022276394711152,0
345,CHEMBL1213676,Cc1c(Cl)cccc1N1CCN(CCNC(=O)c2cc(C(C)(C)C)n(C)c2C)CC1,,6.632644078973981,0
346,CHEMBL1271873,Cc1cc(C(=O)NCCCN2CCN(c3cccc(C)c3C)CC2)nc(C(C)(C)C)n1,,6.562249437179612,0
347,CHEMBL602279,CC(CCN1CCN(c2ccc(F)cc2)CC1)NS(=O)(=O)c1ccc2ccccc2c1,,8.207608310501746,1
348,CHEMBL3601040,OCC1CCN(Cc2ccc(OCCCc3ccc(-c4ccc(Cl)cc4)nn3)cc2)CC1,,6.102372908709558,0
349,CHEMBL3609160,OCCN1CCN(c2nc(Nc3ccc(Br)cc3)c3ccccc3n2)CC1,,4.557206774060231,0
350,CHEMBL602882,O=S(=O)(c1cccc2ccccc12)N(CCCN1CCN(c2ccccc2)CC1)CC1CCCCC1,,8.585026652029182,1
351,CHEMBL3600978,Clc1ccc(-c2ccc(CCCNc3ccc(CN4CCCCC4)cc3)nn2)cc1,,6.860120913598763,0
352,CHEMBL1852514,Cc1cccc(N2CCN(CC(O)CNC(=O)c3nc(C)n(CC(C)C)c3C)CC2)c1C,,5.995248844408999,0
353,CHEMBL472388,CNCc1cc(C(F)(F)F)ccc1Oc1ccc(C)cc1,,7.459670525209126,1
354,CHEMBL4563408,O=C(Nc1ccc(OC(F)F)nc1)NC1CCN(c2ncnc3c2nc(-c2ccccc2Cl)n3-c2ccc(Cl)cc2)CC1,<,5.0,0
355,CHEMBL117537,O=C(CCCc1ccccc1)N1CCN(CCCC(c2ccc(F)cc2)c2ccc(F)cc2)CC1,,6.022276394711152,0
356,CHEMBL493816,COc1ccc(S(=O)(=O)NCCCN2CCN(c3ccc(F)cc3)CC2)cc1,,7.130768280269024,1
357,CHEMBL3652593,Cn1nccc1-c1cc(NC(=O)c2ccno2)ccc1OCCN,,7.040958607678906,1
358,CHEMBL1080711,CCCn1c(-c2ccccc2)cc(C(=O)NCCCCN2CCN(c3cccc(Cl)c3Cl)CC2)c1C,,6.982966660701219,0
359,CHEMBL82966,CN(C)CC1CC2c3cccc(F)c3Cc3ccccc3N2O1,,7.50003813440381,1
360,CHEMBL3600816,CC(=O)NC1CCN(Cc2ccc(CCN(C)C(=O)c3ccc(-c4ccc(F)cc4)cc3)cc2)CC1,<,5.0,0
361,CHEMBL596735,Cn1ncc(Br)c1-c1cc(NC(=O)Nc2ccc(Cl)cc2)ccc1OC(F)(F)F,,7.79997073344623,1
362,CHEMBL529660,CNCc1cc(OC)ccc1Oc1ccc(Cl)c(Cl)c1,,5.838631997765025,0
363,CHEMBL3216288,Cc1c(Cl)cccc1N1CCN(CC(O)CNC(=O)c2nc(C)n(-c3ccccc3F)c2C)CC1,,6.705533773838407,0
364,CHEMBL42,CN1CCN(C2=Nc3cc(Cl)ccc3Nc3ccccc32)CC1,,8.149043394393829,1
365,CHEMBL3216965,COc1ccc(-n2c(C)nc(C(=O)NCC(O)CN3CCN(c4cccc(Cl)c4C)CC3)c2C)cc1,,7.251811972993799,1
366,CHEMBL495678,O=S(=O)(NCCCN1CCN(c2cccc(C(F)(F)F)c2)CC1)c1ccc2ccccc2c1,,7.022276394711152,1
367,CHEMBL591223,COc1ccc(NC(=O)Nc2ccc(Cl)cc2)cc1-c1c(Br)cnn1C,,9.100015437450608,1
368,CHEMBL373389,COc1ccc(C2=CC(NC(C)(C)C)=NCCN2)cc1,,6.272458742971444,0
369,CHEMBL138809,COC1OC2(CCN(Cc3ccccc3)CC2)c2ccccc21,<,5.0,0
370,CHEMBL762,Cc1cc(C(C)(C)C)c(O)c(C)c1CC1=NCCN1,,5.891096872332687,0
371,CHEMBL1289,Clc1cc(Cl)c(OCC#CI)cc1Cl,,5.616005210558267,0
372,CHEMBL2323579,CCNC(=O)N(CCCN(C)C)C(=O)[C@@H]1C[C@@H]2c3cccc4c3c(cn4C)C[C@H]2N(C)C1,,4.939302159646388,0
373,CHEMBL497749,COc1ccccc1N1CCN(CCCNS(=O)(=O)c2ccc3ccccc3c2)CC1,,7.070581074285707,1
374,CHEMBL4289238,O=C1[C@H]2[C@@H]3C=C[C@@H](C3)[C@H]2C(=O)N1CCCCN1CCN(c2cccc3sc(F)cc23)CC1,,7.08460016478773,1
375,CHEMBL3215626,Cc1cccc(N2CCN(CC(O)CNC(=O)c3nc(C)n(-c4ccccc4Cl)c3C)CC2)c1C,,6.497572880015567,0
376,CHEMBL631,CCCNCC(O)COc1ccccc1C(=O)CCc1ccccc1,,6.184422251675732,0
377,CHEMBL3601032,COc1ccc(-c2ccc(CCCNc3ccc(CN4CCOCC4)cc3)nn2)cc1,<,5.0,0
378,CHEMBL1272040,COc1c(C)nc(C)nc1C(=O)NCCCN1CCN(c2cccc(C)c2C)CC1,,6.128427064454121,0
379,CHEMBL1201203,CN1[C@H]2CC[C@@H]1C[C@H](OC(c1ccccc1)c1ccccc1)C2,,7.619788758288394,1
380,CHEMBL1086756,CCCn1c(-c2ccccc2)cc(C(=O)NCCCN2CCN(c3cccc(Cl)c3Cl)CC2)c1C,,6.489454989793388,0
381,CHEMBL1852774,CCCc1nc(C(=O)NCC(O)CN2CCN(c3cccc(Cl)c3Cl)CC2)c(C)n1-c1ccc(OC)cc1,,7.199970640755866,1
382,CHEMBL1086613,CCn1c(-c2ccccc2)cc(C(=O)NCCCN2CCN(c3cccc(C)c3C)CC2)c1C,,7.1249387366083,1
383,CHEMBL4284346,O=C1[C@H]2[C@@H]3CC[C@@H](C3)[C@H]2C(=O)N1CCCCN1CCN(c2cccc3sccc23)CC1,,7.560667306169737,1
384,CHEMBL4101115,Cc1nc2n(c(=O)c1CCN1CCN(c3nsc4ccccc34)CC1)CCCC2Cl,,7.221848749616356,1
385,CHEMBL447733,CN(C)Cc1ccccc1Oc1ccc(F)c(F)c1,,6.0,0
386,CHEMBL1213933,Cc1c(C(=O)NCCCN2CCN(c3ccc(F)cc3)CC2)cc(-c2ccccc2)n1C,,7.657577319177793,1
387,CHEMBL374874,CC(C)(C)NC1=NCCNC(c2ccc(C#N)cc2)=C1,,5.552841968657781,0
388,CHEMBL3215847,Cc1cccc(N2CCN(CC(O)CNC(=O)c3nc(C)n(-c4ccc5c(c4)OCCO5)c3C)CC2)c1C,,6.635449004646028,0
389,CHEMBL221753,CC(C)(C)CC(C)(C)c1ccc(OCCOCC[N+](C)(C)Cc2ccccc2)cc1,,6.889410289700751,0
390,CHEMBL603092,CC(CCN1CCN(c2ccccc2)CC1)NS(=O)(=O)c1ccc2ccccc2c1,,7.896196279044043,1
391,CHEMBL453631,CNC(C)c1cc(C)ccc1Oc1ccc(Cl)c(Cl)c1,,6.764471553092451,0
392,CHEMBL3215624,CCCc1nc(C(=O)NCCCN2CCN(c3cccc(Cl)c3Cl)CC2)c(C)n1-c1ccccc1F,,7.6777807052660805,1
393,CHEMBL1086755,CCn1c(-c2ccccc2)cc(C(=O)NCCCN2CCN(c3cccc(Cl)c3Cl)CC2)c1C,,6.424812155072339,0
394,CHEMBL1933403,CN1CCC(N(C)S(=O)(=O)c2ccc(-c3ccccc3)cc2)CC1,,6.55129368009492,0
395,CHEMBL3216956,CCCc1nc(C(=O)NCC(O)CN2CCN(c3cccc(C)c3C)CC2)c(C)n1-c1ccc(Cl)cc1,,6.8326826652518236,0
396,CHEMBL3805772,CCNC(=O)c1cccc(OCCCCN2CCN(c3cccc(Cl)c3Cl)CC2)c1,,6.173925197299173,0
397,CHEMBL420,N=C(N)N/N=C/c1c(Cl)cccc1Cl,,6.406713932979542,0
398,CHEMBL1852503,Cc1nc(C(=O)NCCCN2CCN(c3cccc(Cl)c3Cl)CC2)c(C)n1-c1ccc2c(c1)OCCO2,,8.063989204284791,1
399,CHEMBL605636,Cn1ncc(Br)c1-c1cc(NC(=O)Nc2ccc(Cl)cc2)ccc1O,,8.79997073344623,1
400,CHEMBL487053,CC(c1ccccc1Oc1ccc(Cl)c(Cl)c1)N(C)C,,7.056505484093898,1
401,CHEMBL3681359,CCc1nc(C(=O)NCC(O)CN2CCN(c3cccc(C)c3C)CC2)c(C)n1-c1ccccc1,,6.328827157284917,0
402,CHEMBL1213675,Cc1c(Cl)cccc1N1CCN(CCNC(=O)c2cc(-c3ccccc3)n(C)c2C)CC1,,6.818156412055227,0
403,CHEMBL1081303,Cc1c(C(=O)NCCCN2CCN(c3cccc(Cl)c3)CC2)cc(-c2ccccc2)n1CC1CCCCC1,,5.97183558057553,0
404,CHEMBL4284353,CC1(C)C2C(=O)N(CCCCN3CCN(c4cccc5sccc45)CC3)C(=O)C21,,7.982966660701219,1
405,CHEMBL599226,COc1ccc(NC(=O)Nc2cccc(C(F)(F)F)c2)cc1-c1c(Br)cnn1C,,9.400007822415903,1
406,CHEMBL2393272,CC1CCN(c2nc(Nc3ccc(F)cc3)c3cn[nH]c3n2)CC1,,5.434979071654706,0
407,CHEMBL449542,CCc1cc(Oc2cc(Cl)ccc2CNC)ccc1Cl,,7.326979092871104,1
408,CHEMBL315772,CN(C)CC1CC2c3ccccc3Cc3ccc(Cl)cc3N2O1,,8.460046158343603,1
409,CHEMBL315308,CN(C)CC1CC2c3ccccc3Cc3ccc(-c4ccccc4)cc3N2O1,,7.64994590642097,1
410,CHEMBL1271874,Cc1cc(C(=O)NCCN2CCN(c3cccc(C)c3C)CC2)nc(C(C)(C)C)n1,,7.161150909262744,1
411,CHEMBL1214366,Cc1cccc(N2CCN(CCCNC(=O)c3cc(-c4ccc(Cl)cc4)[nH]c3C)CC2)c1C,,7.036212172654444,1
412,CHEMBL2393239,COc1cccc(Nc2nc(N3CCN(C)CC3)nc3c2CCNCC3)c1,<,5.0,0
413,CHEMBL808,Clc1ccc(COC(Cn2ccnc2)c2ccc(Cl)cc2Cl)cc1,,5.394264106123253,0
414,CHEMBL315424,CN(C)CC1CC2c3cccc(Cl)c3Cc3ccccc3N2O1,<,6.0,0
415,CHEMBL1087773,Cc1cccc(N2CCN(CCCNC(=O)c3cc(-c4ccccc4)n(-c4ccc(F)cc4)c3C)CC2)c1C,,8.161150909262744,1
416,CHEMBL606191,COc1ccc(NC(=O)Nc2ccc(C(F)(F)F)cc2)cc1-c1c(Br)cnn1C,,8.79997073344623,1
417,CHEMBL4285839,O=C1[C@H]2[C@@H]3C=C[C@@H](C3)[C@H]2C(=O)N1CCCCN1CCN(c2cccc3c2OCCO3)CC1,,6.068542129310995,0
418,CHEMBL3216742,Cc1c(Cl)cccc1N1CCN(CCCNC(=O)c2nc(C)n(-c3ccc(F)cc3)c2C)CC1,,7.42021640338319,1
419,CHEMBL1214488,CCn1c(-c2ccc(Cl)cc2)cc(C(=O)NCCCN2CCN(c3cccc(Cl)c3Cl)CC2)c1C,,6.815308569182402,0
420,CHEMBL3264204,COc1cc(/C=C/C(=O)NCCn2c(C(F)(F)F)cc3ccccc32)cc(OC)c1OC,,4.1249387366083,0
421,CHEMBL597152,Cn1ncc(Br)c1-c1cc(NC(=O)Nc2ccc(Cl)cc2)ccc1OCCc1ccccc1,,7.299988937677887,1
422,CHEMBL3398389,CN(C)/C=N/N=C/c1cn(S(=O)(=O)c2ccccc2)c2cccc([N+](=O)[O-])c12,,6.482804102050026,0
423,CHEMBL1852345,CCCc1nc(C(=O)NCCCN2CCN(c3cccc(C)c3C)CC2)c(C)n1-c1ccc(OC)cc1,,7.149966742310231,1
424,CHEMBL602874,COc1ccc(NC(=O)Nc2cccc(Cl)c2)cc1-c1c(Br)cnn1C,,9.400007822415903,1
425,CHEMBL3600980,COc1ccc(-c2ccc(CCCNc3ccc(CN4CCCCC4)cc3)nn2)cc1,,5.7423214251308154,0
426,CHEMBL601220,O=S(=O)(c1ccc2ccccc2c1)N(CCCN1CCN(c2cccc(C(F)(F)F)c2)CC1)CC1CC1,,6.655607726314889,0
427,CHEMBL2393402,COc1cccc(Nc2nc(N3CCN(C)CC3)nc3[nH]ncc23)c1,,8.040958607678906,1
428,CHEMBL2393271,CC1CC(C)CN(c2nc(Nc3ccc(F)cc3)c3cn[nH]c3n2)C1,,5.231657941355467,0
429,CHEMBL3907928,CC(C)COc1ccc(CN(Cc2ccc(F)cc2)C(=O)NC2CCN(C)CC2)cc1,,9.100015437450608,1
430,CHEMBL3681360,CCCc1nc(C(=O)NCC(O)CN2CCN(c3cccc(C)c3C)CC2)cn1-c1ccc(Cl)cc1,,6.8326826652518236,0
431,CHEMBL608425,COc1ccc(NC(=O)Nc2cccc(C#N)c2)cc1-c1c(Br)cnn1C,,8.199970640755867,1
432,CHEMBL601097,COc1ccc(NC(=O)Nc2ccccc2F)cc1-c1c(Br)cnn1C,,8.79997073344623,1
433,CHEMBL1933404,CCCCOc1ccc(S(=O)(=O)N(C)C2CCN(C)CC2)cc1,,7.113509274827518,1
434,CHEMBL595449,CN(C)Cc1nc(-c2ccc(C(C)(C)C)cc2)n(-c2cccc(O)c2)n1,<,5.0,0
435,CHEMBL3805327,CNC(=O)c1ccc(Cl)c(OCCCCN2CCN(c3cccc(Cl)c3Cl)CC2)c1,,5.860120913598763,0
436,CHEMBL516452,O=C(Nc1ccc(Oc2cccnc2Cl)nc1)c1c[nH]c2ccccc12,<,6.0,0
437,CHEMBL2322611,COCCCOc1cc(C(=O)N(C[C@@H]2CNC[C@H]2Cc2ccccc2)C(C)C)ccc1OC,,6.0,0
438,CHEMBL1213673,Cc1[nH]c(C(C)(C)C)cc1C(=O)NCCCN1CCN(c2cccc(Cl)c2Cl)CC1,,6.97061622231479,0
439,CHEMBL1852418,Cc1c(Cl)cccc1N1CCN(CCCNC(=O)c2nc(C)n(CC(C)C)c2C)CC1,,7.341988603342887,1
440,CHEMBL605787,COc1ccc(S(=O)(=O)N(CCCN2CCN(c3ccc(F)cc3)CC2)CC2CCCCC2)cc1,,8.468521082957745,1
441,CHEMBL488434,CNCc1cc(F)ccc1Oc1ccc(Cl)cc1,,6.305394801066432,0
442,CHEMBL157138,CCN(CC)C(=O)N[C@H]1C=C2c3cccc4[nH]cc(c34)C[C@H]2N(C)C1,,8.517126416391246,1
443,CHEMBL4227059,COc1c(OCCOCCOc2cn(CCOCCOc3cccc([C@H](O)C4CCN(CCc5ccc(F)cc5)CC4)c3OC)nn2)cccc1[C@H](O)C1CCN(CCc2ccc(F)cc2)CC1,,7.438840443315316,1
444,CHEMBL603093,CC(CCN1CCN(c2cccc(C(F)(F)F)c2)CC1)NS(=O)(=O)c1ccc2ccccc2c1,,6.7447274948966935,0
445,CHEMBL4290309,CC(=O)O[C@H]1[C@H]2C[C@H]([C@@H]3C(=O)N(CCCCN4CCN(c5cccc6sccc56)CC4)C(=O)[C@H]23)[C@H]1OC(C)=O,,6.262807357295262,0
446,CHEMBL462226,CNCc1cc(Cl)ccc1Oc1ccc(Cl)cc1,,7.044793462458058,1
447,CHEMBL2393247,Fc1ccc(Nc2nc(Cc3ccccc3)nc3c2CCNCC3)cc1,,8.709965388637482,1
448,CHEMBL2393276,Fc1ccc(Nc2nc(N3CCN(c4ccccc4)CC3)nc3[nH]ncc23)cc1,,7.565431095965801,1
449,CHEMBL4552542,COc1cccc(CN2CC=C(c3c[nH]c4ccccc34)CC2)c1,,5.098998618491733,0
450,CHEMBL603430,CCN(C)CCc1cccc2[nH]cc(S(=O)(=O)c3ccccc3)c12,,6.079876673709276,0
451,CHEMBL4210637,CCNC(=O)c1cc(OCCCCN2CCC(c3noc4cc(F)ccc34)CC2)ccn1,,7.019996628416254,1
452,CHEMBL936,OC(CCCN1CCCCC1)(c1ccccc1)c1ccccc1,,5.587371479455625,0
453,CHEMBL2447952,CCCc1nc(C(=O)NCC(O)CN2CCN(c3cccc(C)c3C)CC2)c(C)n1-c1ccc(F)cc1,,6.485452247339714,0
454,CHEMBL2393240,CN1CCN(c2nc3c(c(Nc4ccc(F)cc4)n2)CCNCC3)CC1,,6.667561540084395,0
455,CHEMBL1080745,Cc1c(C(=O)NCCCN2CCN(c3cccc(Cl)c3)CC2)cc(-c2ccccc2)n1CC(C)C,,6.47755576649368,0
456,CHEMBL3600976,CN(C(=O)/C=C/c1ccc(-c2ccc(Cl)cc2)cc1)c1ccc(CN2CCCCC2)cc1,,6.441291429466834,0
457,CHEMBL81377,CCC(=O)N(C1CCCCCCC1)C1CCN(CCCOc2ccc(F)cc2)CC1,,7.899974269892137,1
458,CHEMBL3805099,CNC(=O)c1cc(OCCCCN2CCN(c3nsc4ccccc34)CC2)ccc1F,,7.455931955649724,1
459,CHEMBL1201353,CN(C)CC[C@@H](c1ccc(Cl)cc1)c1ccccn1,,5.432738307646126,0
460,CHEMBL509387,CC[C@]12CCCN3CC[C@]4(C(=C(C(=O)OC)C1)Nc1ccccc14)[C@@H]32,<,5.0,0
461,CHEMBL4294617,O=C1CC2(CCCC2)CC(=O)N1CCCCN1CCN(c2cccc3sccc23)CC1,,7.536107011014093,1
462,CHEMBL4209942,Oc1ccccc1C1=NC(Cc2c[nH]cn2)C(c2ccccc2)S1,,4.886056647693163,0
463,CHEMBL3216508,CCCc1nc(C(=O)NCCCN2CCN(c3cccc(Cl)c3C)CC2)c(C)n1-c1ccccc1,,6.812479279163537,0
464,CHEMBL1080554,Cc1cccc(N2CCN(CCCCNC(=O)c3cc(-c4ccccc4)n(C)c3C)CC2)c1C,,7.214670164989233,1
465,CHEMBL1214594,CCCn1c(-c2ccncc2)cc(C(=O)NCCCN2CCN(c3cccc(Cl)c3Cl)CC2)c1C,,7.468521082957745,1
466,CHEMBL3408841,CCOc1nc(NC(=O)C(C)(C)NC(=O)c2ccc3c(C4CCCC4)c(-c4ccc(F)cn4)n(C)c3c2)ccc1/C=C/C(=O)O,,5.221848749616356,0
467,CHEMBL507721,CCc1cc(Oc2ccc(F)cc2CNC)ccc1Cl,,6.562249437179612,0
468,CHEMBL4205326,CNC(=O)c1cncc(OCCCCN2CCN(c3nsc4cc(F)ccc34)CC2)c1,,6.818156412055227,0
469,CHEMBL3681363,Cc1cccc(N2CCN(CCNC(=O)c3nc(C)n(-c4ccc(F)cc4)c3C)CC2)c1C,,7.638272163982407,1
470,CHEMBL3216966,CCCc1nc(C(=O)NCC(O)CN2CCN(c3cccc(Cl)c3C)CC2)c(C)n1-c1ccc(OC)cc1,,6.235077015350112,0
471,CHEMBL453023,CC[C@]12CCCN3CC[C@]4([C@@H](N[C@@H]5CCCC[C@@H]54)[C@@H](C(=O)[O-])C1)[C@@H]32,<,5.0,0
472,CHEMBL2393270,Fc1ccc(Nc2nc(N3CCCCC3)nc3[nH]ncc23)cc1,,5.657972311912529,0
473,CHEMBL4210030,CNC(=O)c1cc(OCCCCN2CCC(c3noc4cc(F)ccc34)CC2)ccn1,,6.607303046740334,0
474,CHEMBL3736433,CB1C=Cc2cccc(OCC(O)CN(C)C)c2N1,<,5.300000202445418,0
475,CHEMBL448461,CNCc1cc(F)ccc1Oc1ccc(Cl)c(F)c1,,5.696803942579511,0
476,CHEMBL86091,CN(C)CC1CC2c3cc(C(F)(F)F)ccc3Cc3ccccc3N2O1,<,6.0,0
477,CHEMBL4215048,CNC(=O)c1ccnc(OCCCCN2CCN(c3nsc4cc(F)ccc34)CC2)c1,,7.280668713016273,1
478,CHEMBL1214304,CCCn1c(C)c(C(=O)NCCN2CCN(c3cccc(Cl)c3Cl)CC2)c(C)c1-c1ccccc1,,7.6020599913279625,1
479,CHEMBL3216075,CCCc1nc(C(=O)NCC(O)CN2CCN(c3cccc(Cl)c3C)CC2)cn1-c1ccc(Cl)cc1,,6.97061622231479,0
480,CHEMBL416523,COc1cccc2c1CC(CNCCCCN1C(=O)CC3(CCCC3)CC1=O)CO2,,7.309981219211305,1
481,CHEMBL1210154,C/C(=N\OC(=O)Nc1ccccc1)c1cccc(-c2cccs2)c1,<,5.0,0
482,CHEMBL597,Cc1ccc(N(CC2=NCCN2)c2cccc(O)c2)cc1,,6.444905551421681,0
483,CHEMBL3215850,Cc1c(Cl)cccc1N1CCN(CCCNC(=O)c2nc(-c3ccccc3)n(-c3ccccc3)c2Cn2cncn2)CC1,,7.910094888560602,1
484,CHEMBL2376484,Cc1[nH]c2ccc(OS(=O)(=O)C(F)(F)F)cc2c1C1=CCNCC1,<,6.0,0
485,CHEMBL1732,CN1C[C@H](C(=O)N[C@]2(C)O[C@@]3(O)[C@@H]4CCCN4C(=O)[C@H](Cc4ccccc4)N3C2=O)C[C@@H]2c3cccc4[nH]cc(c34)C[C@H]21,,8.0993598160174,1
486,CHEMBL4077702,Cc1nc2n(c(=O)c1CCN1CCC(c3noc4cc(F)ccc34)CC1)CCCC2=O,,8.0,1
487,CHEMBL2393234,CCN(CC)c1nc(N2CCN(C)CC2)nc2c1CCNCC2,<,5.0,0
488,CHEMBL1080727,CCn1c(-c2ccccc2)cc(C(=O)NCCCN2CCN(c3cccc(Cl)c3)CC2)c1C,,7.036212172654444,1
489,CHEMBL3217141,Cc1[nH]c(-c2ccccn2)cc1C(=O)NCCCN1CCN(c2cccc(Cl)c2Cl)CC1,,7.6777807052660805,1
490,CHEMBL4280940,O=C1[C@H]2[C@@H]3CC[C@@H](C3)[C@H]2C(=O)N1CCCCN1CCC(c2noc3cc(F)ccc23)CC1,,8.2839966563652,1
491,CHEMBL221305,CCC(C)(CC)NC1=NCCNC(c2ccc(C)cc2)=C1,,7.826813731587726,1
492,CHEMBL1271929,CSc1nc(C)cc(C(=O)NCCCN2CCN(c3cccc(C)c3C)CC2)n1,,7.267606240177032,1
493,CHEMBL81485,CNCC1CC2c3ccccc3Cc3ccccc3N2O1,,7.880084589742009,1
494,CHEMBL510435,CNCc1ccc(C#N)cc1Oc1ccc(Cl)c(Cl)c1,,6.501689446210399,0
495,CHEMBL1214367,Cc1cccc(N2CCN(CCCNC(=O)c3cc(-c4ccc(Cl)cc4)n(C)c3C)CC2)c1C,,6.671620396561262,0
496,CHEMBL708,O=C1Cc2cc(CCN3CCN(c4nsc5ccccc45)CC3)c(Cl)cc2N1,,9.3767507096021,1
497,CHEMBL602873,COc1ccc(NC(=O)Nc2ccc(Cl)c(C(F)(F)F)c2)cc1-c1c(Br)cnn1C,,9.100015437450608,1
498,CHEMBL603499,COc1ccccc1N1CCN(CCC(C)NS(=O)(=O)c2ccc3ccccc3c2)CC1,,6.1778319206319825,0
499,CHEMBL488912,CNCc1ccccc1Oc1ccc(Cl)c(Cl)c1,,6.142064735280571,0
500,CHEMBL603272,COc1ccccc1N1CCN(CCCN(CC2CC2)S(=O)(=O)c2ccc3ccccc3c2)CC1,,7.066512712151295,1
501,CHEMBL74355,COc1cccc([C@H](O)C2CCN(CCc3ccc(F)cc3)CC2)c1OC,,8.319393034173498,1
502,CHEMBL593821,CCN(C)CCCc1cccc2[nH]cc(S(=O)(=O)c3ccccc3)c12,,6.321481620959886,0
503,CHEMBL2393404,COc1ccc(Nc2nc(N3CCN(c4ccc(F)cc4)CC3)nc3[nH]ncc23)cc1,,6.157390760389438,0
504,CHEMBL2393230,CN1CCN(c2ncc3c(n2)CCNCC3)CC1,<,5.0,0
505,CHEMBL1852777,Cc1c(C(=O)NCC(O)CN2CCN(c3cccc(Cl)c3Cl)CC2)nc(-c2ccccc2)n1-c1ccccc1,,7.619788758288394,1
506,CHEMBL3216299,Cc1cccc(N2CCN(CC(O)CNC(=O)c3nc(C)n(-c4ccccc4)c3C)CC2)c1C,,6.60624935965192,0
507,CHEMBL495250,COc1ccc(S(=O)(=O)NC(C)CCN2CCN(c3cccc(C(F)(F)F)c3)CC2)cc1,,5.738975166007602,0
508,CHEMBL4286905,O=C1c2cccc(F)c2C(=O)N1CCCCN1CCN(c2cccc3sccc23)CC1,,6.497572880015567,0
509,CHEMBL406221,CCOc1ccccc1N1CCN(CCCC(=O)NCc2nc3ccc(F)cc3c(=O)n2-c2ccc(OC)cc2)CC1,,5.102372908709558,0
510,CHEMBL116463,N#Cc1ccc(CCOC(=O)NC2CCN(CCCC(c3ccc(F)cc3)c3ccc(F)cc3)CC2)cc1,,6.165579296318468,0
511,CHEMBL18785,COc1ccc2[nH]cc(C3=CCNCC3)c2c1,<,6.0,0
512,CHEMBL1933412,CN1CCC(N(C)S(=O)(=O)c2ccccc2F)CC1,<,5.0,0
513,CHEMBL3805649,CNC(=O)c1cc(OCCCCN2CCN(c3cccc4sccc34)CC2)ccc1F,,7.096910013008056,1
514,CHEMBL4063748,Cc1nc2n(c(=O)c1CCN1CCN(c3ncnc4sccc34)CC1)CCCC2,,6.089375595110798,0
515,CHEMBL3806224,CNC(=O)c1cc(OCCCCN2CCN(c3cccc(Cl)c3Cl)CC2)ccc1Cl,,6.468521082957745,0
516,CHEMBL3681356,COc1ccccc1-n1c(C)nc(C(=O)NCC(O)CN2CCN(c3cccc(C)c3C)CC2)c1C,,6.410050398674292,0
517,CHEMBL3952456,Cn1nc(C(=O)N2CCN(CC(=O)c3ccc(F)cc3)CC2)cc1-c1ccco1,,8.318758762624412,1
518,CHEMBL3216289,Cc1cccc(N2CCN(CC(O)CNC(=O)c3nc(C)n(-c4ccccc4F)c3C)CC2)c1C,,6.2373214362725635,0
519,CHEMBL1093802,O=C(CNC(=O)c1cccc(C(F)(F)F)c1)N[C@@H]1CCN(CCN2CCN(C(=O)c3ccccc3F)CC2)C1,<,5.0,0
520,CHEMBL85155,Cc1ccc2c(c1)Cc1ccccc1N1OC(CN(C)C)CC21,,7.980053318321158,1
521,CHEMBL1081302,Cc1c(C(=O)NCCCN2CCN(c3cccc(Cl)c3)CC2)cc(-c2ccccc2)n1Cc1ccccc1,,6.747146969020107,0
522,CHEMBL4226407,COc1c(OCCOCCOCCOCCOCCOCCOc2cccc(C(=O)C3CCN(CCc4ccc(F)cc4)CC3)c2OC)cccc1C(=O)C1CCN(CCc2ccc(F)cc2)CC1,,7.400062375171107,1
523,CHEMBL445754,CNCc1ccc(Cl)cc1Oc1ccc(Cl)c(F)c1,,7.235823867609669,1
524,CHEMBL84931,CN(C)CC1CC2c3ccccc3Cc3ccc(F)cc3N2O1,,8.940058111938045,1
525,CHEMBL1080746,Cc1c(C(=O)NCCCN2CCN(c3cccc(Cl)c3)CC2)cc(-c2ccccc2)n1N1CCCCC1,,6.355561410532162,0
526,CHEMBL1092238,O=C(CNC(=O)c1cccc(C(F)(F)F)c1)N[C@@H]1CCN(CCN2CCN(C(=O)c3ccccc3Cl)CC2)C1,<,5.0,0
527,CHEMBL3600973,CN(CCCc1ccc(-c2ccc(Cl)cc2)cc1)c1ccc(CN2CCCCC2)cc1,,6.189767482004916,0
528,CHEMBL420965,c1ccc(CNC[C@@H]2CCN(CCc3c[nH]c4ccc(-n5cnnc5)cc34)C2)cc1,,5.356547323513812,0
529,CHEMBL3217183,Cc1c(C(=O)NCCCN2CCN(c3cccc(Cl)c3Cl)CC2)nc(-c2ccccc2)n1-c1ccccc1,,7.847711655616943,1
530,CHEMBL3665547,COc1cccc(C(=O)Nc2ccc(OCCO)c(-c3c(Cl)cnn3C)c2)c1,,9.292429823902063,1
531,CHEMBL3600818,CCNC(=O)N(C)Cc1ccc(CCNC(=O)c2ccc(-c3ccc(Cl)cc3)cc2F)cc1,,5.088842391260023,0
532,CHEMBL4287980,O=C1C2CC=CCC2C(=O)N1CCCCN1CCN(c2cccc3sccc23)CC1,,9.221848749616356,1
533,CHEMBL452091,CNCc1ccc(Cl)cc1Oc1ccc(Cl)c(C)c1,,8.043831569524636,1
534,CHEMBL4217761,Cc1cccc(OCCOCCN2CCN(CCc3ccccc3)CC2)c1C,,5.15676722190199,0
535,CHEMBL1852362,CCCc1nc(C(=O)NCC(O)CN2CCN(c3cccc(C)c3C)CC2)c(C)n1-c1ccc(OC)cc1,,6.8996294548824375,0
536,CHEMBL4079251,Cc1nc2n(c(=O)c1CCN1CCN(c3cccc4sccc34)CC1)CCCC2Cl,,7.913640169325252,1
537,CHEMBL1852659,CCCc1nc(C(=O)NCCCN2CCN(c3cccc(Cl)c3Cl)CC2)c(C)n1-c1ccc(OC)cc1,,8.286509456906057,1
538,CHEMBL4213586,CNC(=O)c1cncc(OCCCCN2CCC(c3noc4cc(F)ccc34)CC2)c1,,7.079876673709276,1
539,CHEMBL2393268,CCN(CC)c1nc(Nc2ccc(F)cc2)c2cn[nH]c2n1,,5.343422708603886,0
540,CHEMBL3215627,COc1ccc(-n2c(C)nc(C(=O)NCC(O)CN3CCN(c4cccc(C)c4C)CC3)c2C)cc1OC,,6.689306687656639,0
541,CHEMBL605309,O=S(=O)(c1ccccc1)c1c[nH]c2cccc(CCNC3CCCC3)c12,,7.508638306165727,1
542,CHEMBL3681351,CCCc1nc(C(=O)NCCN2CCN(c3cccc(Cl)c3Cl)CC2)cn1-c1ccc(Cl)cc1,,7.161150909262744,1
543,CHEMBL1214547,Cc1c(C(=O)NCCCN2CCN(c3cccc(Cl)c3Cl)CC2)cc(-c2ccncc2)n1C,,7.4089353929735005,1
544,CHEMBL131482,CC1SC2(CCCC2)C(=O)N1CCCCN1CCN(c2csc3cc(F)ccc23)CC1,,8.096910013008056,1
545,CHEMBL3217175,COc1ccccc1-n1c(C)nc(C(=O)NCC(O)CN2CCN(c3cccc(Cl)c3C)CC2)c1C,,6.431798275933005,0
546,CHEMBL2393251,CN1CCN(c2nc(Nc3ccccc3)c3cn[nH]c3n2)CC1,,7.600326278518962,1
547,CHEMBL3216499,Cc1nc(C(=O)NCCCN2CCN(c3cccc(Cl)c3Cl)CC2)c(C)n1-c1ccccc1Cl,,7.522878745280337,1
548,CHEMBL11592,CCCN(CCCCN1C(=O)CC2(CCCC2)CC1=O)C1COc2cccc(OC)c2C1,,6.0,0
549,CHEMBL4292250,O=C1[C@H]2[C@@H]3CC[C@@H](C3)[C@H]2C(=O)N1CCCCN1CCN(c2ccc3ccsc3c2)CC1,,6.886056647693163,0
550,CHEMBL198949,CC(=O)Nc1cc(Cl)ccc1/C=C/C(=O)N1CCN(Cc2ccc(F)cc2)C[C@H]1C,<,6.0,0
551,CHEMBL1852666,Cc1nc(C(=O)NCC(O)CN2CCN(c3cccc(Cl)c3Cl)CC2)c(C)n1-c1ccc2c(c1)OCCO2,,8.006123085058789,1
552,CHEMBL2393232,CCNc1nc(N2CCN(C)CC2)nc2c1CCNCC2,<,5.0,0
553,CHEMBL3600977,O=C(NCc1ccc(-c2ccc(Cl)cc2)cc1)Nc1ccc(CN2CCCCC2)cc1,,7.5376020021010435,1
554,CHEMBL305660,CC(C)(C)c1ccc(C(=O)CCCN2CCC(OC(c3ccccc3)c3ccccc3)CC2)cc1,,7.043831569524636,1
555,CHEMBL444203,CNC(C)c1cc(F)ccc1Oc1ccc(Cl)cc1,,6.686132779630847,0
556,CHEMBL593527,CNCCc1cccc2[nH]cc(S(=O)(=O)c3ccccc3)c12,,5.95663772197887,0
557,CHEMBL1642126,CCC1CC(=O)c2c(N3CCN(C)CC3)cccc2N1S(=O)(=O)c1ccc2ccccc2c1,,6.341988603342887,0
558,CHEMBL1933399,Cc1ccc(S(=O)(=O)N(C)C2CCN(C)CC2)cc1,,5.671620396561262,0
559,CHEMBL1080726,Cc1c(C(=O)NCCCN2CCN(c3cccc(Cl)c3)CC2)cc(-c2ccccc2)n1C,,7.036212172654444,1
560,CHEMBL3665544,COCCNCCOc1ccc(NC(=O)c2cccc(C(F)(F)F)c2)cc1-c1c(Cl)cnn1C,,10.086186147616283,1
561,CHEMBL311231,c1ccc2c(c1)Cc1ccccc1N1OC(CN3CCNCC3)CC21,<,6.0,0
562,CHEMBL261019,O=C(CCCN1CCN(c2cccc(C(F)(F)F)c2)CC1)NCc1nc2cc(F)ccc2c(=O)n1-c1ccccc1,,6.2076083105017466,0
563,CHEMBL2393279,CCN(CC)c1nc(Nc2cccc(OC)c2)c2cn[nH]c2n1,,5.681102285372513,0
564,CHEMBL3217173,Cc1cccc(N2CCN(CCCNC(=O)c3nc(C)n(-c4ccc(F)cc4)c3C)CC2)c1C,,6.928486194904911,0
565,CHEMBL3805434,CNC(=O)c1cc(OCCCCN2CCN(c3cccc(Cl)c3Cl)CC2)cc(C(C)=O)c1,,6.306273051076353,0
566,CHEMBL3215846,Cc1c(C(=O)NCC(O)CN2CCN(c3cccc(Cl)c3Cl)CC2)nc(-c2ccccc2)n1-c1ccc(F)cc1,,7.026872146400302,1
567,CHEMBL3216737,Cc1cccc(N2CCN(CCCNC(=O)c3nc(-c4ccccc4)n(-c4ccc(F)cc4)c3C)CC2)c1C,,7.555955204081924,1
568,CHEMBL267615,CCc1[nH]c2ccc(OC)cc2c1CCN(C)C,,6.2076083105017466,0
569,CHEMBL3216078,CCCc1nc(C(=O)NCCCN2CCN(c3cccc(C)c3C)CC2)cn1-c1ccc(F)cc1,,6.85078088734462,0
570,CHEMBL4282051,O=C1[C@H]2[C@@H]3C=C[C@@H](C3)[C@H]2C(=O)N1CCCCCN1CCN(c2cccc3sccc23)CC1,,6.503070351926785,0
571,CHEMBL3601044,OC1CCN(Cc2ccc(OCCCc3ccc(-c4ccc(F)cc4)nn3)cc2)CC1,,6.616184634019569,0
572,CHEMBL3601030,COc1ccc(-c2ccc(CCCNc3ccc(CN4CCCC4)cc3)nn2)cc1,,5.342944147142896,0
573,CHEMBL66227,Fc1ccc(OC[C@@H]2CC[C@H]3CN(c4ncc(F)cn4)CCN3C2)cc1,,6.823908740944319,0
574,CHEMBL723,COc1ccccc1OCCNCC(O)COc1cccc2[nH]c3ccccc3c12,,6.3872161432802645,0
575,CHEMBL2393403,COc1cccc(Nc2nc(N3CCN(c4ccc(F)cc4)CC3)nc3[nH]ncc23)c1,,6.455931955649724,0
576,CHEMBL1089793,O=C(CNC(=O)c1cccc(C(F)(F)F)c1)N[C@@H]1CCN(CCN2CCN(C(=O)c3cc(F)ccc3F)CC2)C1,<,5.0,0
577,CHEMBL4207653,COc1ccccc1N1CCN(CCOCCOc2c(C)cc(C)cc2C)CC1,,4.739928612014925,0
578,CHEMBL3216284,CCCc1nc(C(=O)NCCCN2CCN(c3cccc(Cl)c3Cl)CC2)c(C)n1-c1ccccc1OC,,6.856985199745905,0
579,CHEMBL438755,CCCN1CCN(CCC)C2(COc3cccc(OC)c3C2)C1,,5.0,0
580,CHEMBL601250,COc1ccc(S(=O)(=O)N(CCCN2CCN(c3ccccc3OC)CC2)CC2CC2)cc1,,5.655607726314889,0
581,CHEMBL4227912,COc1c(OCCOCCOCCOCCOCCOc2cccc(C(=O)C3CCN(CCc4ccc(F)cc4)CC3)c2OC)cccc1C(=O)C1CCN(CCc2ccc(F)cc2)CC1,,7.530104387260939,1
582,CHEMBL4087246,Cc1nc2n(c(=O)c1CCN1CCN(c3cccc4c3CCS4)CC1)CCCC2O,,7.578396073130169,1
583,CHEMBL3600981,N#Cc1ccc(-c2ccc(CCCNc3ccc(CN4CCCCC4)cc3)nn2)cc1,,5.835647144215563,0
584,CHEMBL4278581,O=C1[C@H]2[C@@H]3C=C[C@@H](C3)[C@H]2C(=O)N1CCCCN1CCN(c2cccc3ccsc23)CC1,,7.494850021680094,1
585,CHEMBL3804954,CNC(=O)c1ccccc1OCCCCN1CCN(c2cccc(Cl)c2Cl)CC1,,5.657577319177793,0
586,CHEMBL49,O=C1CC2(CCCC2)CC(=O)N1CCCCN1CCN(c2ncccn2)CC1,,5.640923773940737,0
587,CHEMBL1214305,Cc1[nH]c(-c2ccccc2)c(C)c1C(=O)NCCCN1CCN(c2cccc(Cl)c2Cl)CC1,,7.4089353929735005,1
588,CHEMBL1214047,CCCn1c(-c2ccccc2)cc(C(=O)NCCCN2CCN(c3ccccc3OC)CC2)c1C,,6.020907099361674,0
589,CHEMBL3398396,COc1ccc(Cl)cc1S(=O)(=O)n1cc(/C=N/N=C/N(C)C)c2c([N+](=O)[O-])cccc21,,5.797784224198868,0
590,CHEMBL43064,C(=C/c1ccccc1)\CN1CCN(C(c2ccccc2)c2ccccc2)CC1,,6.443697499232713,0
591,CHEMBL395110,CN1CCCC(CN2c3ccccc3Sc3ccccc32)C1,,6.414539270491499,0
592,CHEMBL3652596,Cn1ncc(Cl)c1-c1cc(NC(=O)C(=O)c2cc(Br)cs2)ccc1OCCN,,8.920818753952375,1
593,CHEMBL598171,COc1ccc(NC(=O)Nc2cc(F)cc(F)c2)cc1-c1c(Br)cnn1C,,8.899974269892137,1
594,CHEMBL1852370,Cc1nc(C(=O)NCCCN2CCN(c3cccc(Cl)c3Cl)CC2)c(C)n1-c1ccccc1F,,7.774690718274137,1
595,CHEMBL3216755,Cc1c(Cl)cccc1N1CCN(CCCNC(=O)c2nc(C)n(-c3ccc4c(c3)OCCO4)c2C)CC1,,7.552841968657781,1
596,CHEMBL3215848,Cc1c(C(=O)NCCCN2CCN(c3cccc(Cl)c3Cl)CC2)nc(-c2ccccc2)n1-c1ccccc1F,,7.709965388637482,1
597,CHEMBL508192,CNC(C)c1ccccc1Oc1ccc(C)cc1,,7.258848401148215,1
598,CHEMBL14460,Cc1cc2c(cc1C(F)(F)F)N(C(=O)Nc1ccc(Oc3cccnc3C)nc1)CC2,,7.489454989793388,1
599,CHEMBL3217170,Cc1c(Cl)cccc1N1CCN(CCCNC(=O)c2nc(-c3ccccc3)n(-c3ccccc3)c2C)CC1,,7.856985199745905,1
600,CHEMBL4100152,Cc1nc2n(c(=O)c1CCN1CCN(c3cccc4c3OC(F)(F)O4)CC1)CCCC2O,,6.61261017366127,0
601,CHEMBL3601022,OC[C@H]1CCCN1CCOc1ccc(C#Cc2ccc(-c3ccc(Cl)cc3)cn2)cc1,,5.785156151952302,0
602,CHEMBL310940,CN1CCN(CC2CC3c4ccccc4Cc4ccccc4N3O2)CC1,,6.549997369826814,0
603,CHEMBL564,CN(C)CCCN1c2ccccc2Sc2ccccc21,,7.638272163982407,1
604,CHEMBL1933405,CN1CCC(N(C)S(=O)(=O)c2ccc(OC(F)(F)F)cc2)CC1,,5.611188586526477,0
605,CHEMBL2393266,Fc1ccc(Nc2nc(NCCN3CCOCC3)nc3[nH]ncc23)cc1,,5.011396456654336,0
606,CHEMBL4094458,Cc1cc(CNc2nc(N)nc3ccn(Cc4ccccn4)c23)no1,,5.2076083105017466,0
607,CHEMBL2393246,COc1cccc(Nc2nc(Cc3ccccc3)nc3c2CCNCC3)c1,,7.073657553374345,1
608,CHEMBL488241,CNCc1ccccc1Oc1ccc(C)c(C)c1,,7.1778319206319825,1
609,CHEMBL179993,CCN(C(=O)Cc1ccc(S(=O)(=O)N(C)C)cc1)C1CCN(CCC(c2ccccc2)c2ccccc2)CC1,,6.096910013008056,0
610,CHEMBL1642118,CC1CC(=O)c2ccc(N3CCN(C)CC3)cc2N1S(=O)(=O)c1ccc2ccccc2c1,,5.835052627378158,0
611,CHEMBL2376491,Cc1[nH]c2ccc(-c3ccccc3)cc2c1C1=CCNCC1,<,6.0,0
612,CHEMBL606622,COc1ccc(NC(=O)Nc2ccc(F)cc2)cc1-c1c(Br)cnn1C(C)C,,9.0,1
613,CHEMBL4078409,Cc1nc2n(c(=O)c1CCN1CCC(c3cccc4sccc34)CC1)CCCC2,,8.290730039024169,1
614,CHEMBL1080671,Cc1c(C(=O)NCCCN2CCN(c3cccc(Cl)c3Cl)CC2)cc(-c2ccccc2)n1Cc1ccccc1,,6.450996737974212,0
615,CHEMBL493625,COc1ccc(S(=O)(=O)NCCCN2CCN(c3cccc(C(F)(F)F)c3)CC2)cc1,,6.453457336521869,0
616,CHEMBL716,OCCOCCN1CCN(C2=Nc3ccccc3Sc3ccccc32)CC1,,6.928854709548917,0
617,CHEMBL1214114,CCCn1c(-c2ccccc2)cc(C(=O)NCCCN2CCN(c3cccc(OC)c3OC)CC2)c1C,,6.058488567365597,0
618,CHEMBL315834,CN(C)CC1CC2c3ccccc3Cc3c(F)cccc3N2O1,,7.619969752032169,1
619,CHEMBL3338677,CCCCCCCCCCCCCCCC(=O)N[C@H](C(=O)N[C@H](C(=O)N[C@@H](CC(C)C)C(=O)N1CCC[C@H]1C(=O)N[C@@H](CC(C)C)C(=O)N[C@@H](Cc1c[nH]c2ccccc12)C(=O)N[C@@H](C)C(=O)N[C@H](C(=O)N[C@@H](Cc1ccc(O)cc1)C(=O)N[C@H](C(=O)N[C@@H](Cc1ccc(O)cc1)C(=O)N[C@@H](CCCNC(=N)N)C(N)=O)[C@@H](C)O)[C@@H](C)O)[C@@H](C)O)C(C)C,<,4.522878745280337,0
620,CHEMBL2393242,c1ccc(Cc2nc3c(c(N4CCSCC4)n2)CCNCC3)cc1,,5.8958544494459915,0
621,CHEMBL605001,COc1ccc(NC(=O)Nc2ccc(Cl)cc2)cc1-c1ccnn1C,,9.0,1
622,CHEMBL2393264,Fc1ccc(Nc2nc(NCc3ccccc3)nc3[nH]ncc23)cc1,,5.896880746454286,0
623,CHEMBL3601021,CC1CCN(CCOc2ccc(C#Cc3ncc(-c4ccc(Cl)cc4)cc3F)cc2)CC1,,5.482804102050026,0
624,CHEMBL633,CCCCc1oc2ccccc2c1C(=O)c1cc(I)c(OCCN(CC)CC)c(I)c1,,5.444905551421681,0
625,CHEMBL601872,COc1ccc(S(=O)(=O)N(CCCN2CCN(c3ccccc3)CC2)CC2CCCCC2)cc1,,8.0268721464003,1
626,CHEMBL4217039,O=C(NC1CC1)c1cncc(OCCCCN2CCC(c3noc4cc(F)ccc34)CC2)c1,,7.046240308266771,1
627,CHEMBL91,Clc1ccc(COC(Cn2ccnc2)c2ccc(Cl)cc2Cl)c(Cl)c1,,5.408156588775215,0
628,CHEMBL3216073,CCCc1nc(C(=O)NCC(O)CN2CCN(c3cccc(Cl)c3Cl)CC2)c(C)n1-c1ccc(F)cc1,,6.707743928643524,0
629,CHEMBL4277532,O=C1[C@H]2[C@@H]3C=C[C@@H](C3)[C@H]2C(=O)N1CCCCN1CCN(c2nsc3ccccc23)CC1,,7.446116973356125,1
630,CHEMBL4211473,CNC(=O)c1cccc(OCCCCN2CCN(c3ccc4ccsc4c3)CC2)n1,,5.892790030352131,0
631,CHEMBL1085155,Cn1nccc1-c1cc(NC(=O)c2cccc(C(F)(F)F)c2)ccc1OCCN1CCCC1,,7.638272163982407,1
632,CHEMBL259199,CCOc1ccccc1N1CCN(CCCC(=O)NCc2nc3cc(F)ccc3c(=O)n2-c2ccc(OC)cc2)CC1,,5.6777807052660805,0
633,CHEMBL4103509,Cc1nc2n(c(=O)c1CCN1CCN(c3cccc4sccc34)CC1)CCCC2=O,,7.356547323513813,1
634,CHEMBL450714,CSc1ccc(Oc2ccccc2CN(C)C)cc1,,6.339134521996131,0
635,CHEMBL2393263,Fc1ccc(Nc2nc(NC3CCCC3)nc3[nH]ncc23)cc1,,5.346884006834433,0
636,CHEMBL4228313,COc1c(OCCOCCN=[N+]=[N-])cccc1[C@H](O)C1CCN(CCc2ccc(F)cc2)CC1,,7.330357874762692,1
637,CHEMBL4205772,CNC(=O)c1cccc(OCCCCN2CCC(c3noc4cc(F)ccc34)CC2)n1,,6.872895201635193,0
638,CHEMBL4096467,Cc1nc2n(c(=O)c1CCN1CCC(c3noc4cc(F)ccc34)CC1)CCCC2(F)F,,8.148741651280925,1
639,CHEMBL334255,CCCCCCCCCCCCCCCC[n+]1ccccc1,,5.498529927899588,0
640,CHEMBL3601031,COc1ccc(-c2ccc(CCCNc3ccc(CN(C)C)cc3)nn2)cc1,,5.33913452199613,0
641,CHEMBL3805120,CNC(=O)c1cc(OCCCCN2CCN(c3cccc(Cl)c3Cl)CC2)ccc1C,,6.337242168318426,0
642,CHEMBL4074373,Cc1nc2n(c(=O)c1CCN1CCN(c3nsc4ccccc34)CC1)CCCC2F,,7.050609993355087,1
643,CHEMBL1256737,CSc1ccc2c(c1)C(N1CCN(C)CC1)Cc1ccccc1S2,,7.251811972993799,1
644,CHEMBL4102670,Cc1nc2n(c(=O)c1CCN1CCN(c3cccc4sccc34)CC1)CCCC2O,,8.537602002101044,1
645,CHEMBL3216957,Cc1c(Cl)cccc1N1CCN(CC(O)CNC(=O)c2nc(C)n(-c3ccc4c(c3)OCCO4)c2C)CC1,,6.896196279044043,0
646,CHEMBL1214427,Cc1[nH]c(-c2ccc(Cl)cc2)cc1C(=O)NCCCN1CCN(c2cccc(Cl)c2Cl)CC1,,6.978810700930062,0
647,CHEMBL4202871,O=C(NC1CC1)c1cc(OCCCCN2CCN(c3nsc4ccccc34)CC2)ccn1,,6.489454989793388,0
648,CHEMBL516,CN1CCC(=C2c3ccccc3C=Cc3ccccc32)CC1,,9.011887159731648,1
649,CHEMBL6966,COc1ccc(CCN(C)CCCC(C#N)(c2ccc(OC)c(OC)c2)C(C)C)cc1OC,,6.354577730650908,0
650,CHEMBL1214046,CCCn1c(-c2ccccc2)cc(C(=O)NCCCN2CCN(c3cccc(Br)c3)CC2)c1C,,6.655607726314889,0
651,CHEMBL3215851,CCCc1nc(C(=O)NCC(O)CN2CCN(c3cccc(C)c3C)CC2)c(C)n1-c1ccc2c(c1)OCCO2,,6.531652669587842,0
652,CHEMBL1933406,CN1CCC(N(C)S(=O)(=O)c2ccc(C#N)cc2)CC1,<,5.0,0
653,CHEMBL1087895,Cc1cccc(N2CCN(CCCNC(=O)c3cc(-c4ccccc4)n(Cc4ccccc4)c3C)CC2)c1C,,6.649751981665837,0
654,CHEMBL599828,COc1ccc(NC(=O)Nc2cc(C(F)(F)F)cc(C(F)(F)F)c2)cc1-c1c(Br)cnn1C,,8.700057099977233,1
655,CHEMBL115249,CCOc1ccc(CCOC(=O)N2CCN(CCCc3ccccc3)CC2)cc1,,6.008773924307505,0
656,CHEMBL1080712,Cc1cccc(N2CCN(CCCCNC(=O)c3cc(-c4ccccc4)[nH]c3C)CC2)c1C,,8.0,1
657,CHEMBL81,O=C(c1ccc(OCCN2CCCCC2)cc1)c1c(-c2ccc(O)cc2)sc2cc(O)ccc12,,5.838631997765025,0
658,CHEMBL55,N=C(N)c1ccc(OCCCCCOc2ccc(C(=N)N)cc2)cc1,,5.785421046429501,0
659,CHEMBL1214595,Cc1cccc(N2CCN(CCNC(=O)c3cc(C(C)(C)C)n(C)c3C)CC2)c1C,,7.443697499232713,1
660,CHEMBL672,CC(C)OC(=O)C(C)(C)Oc1ccc(C(=O)c2ccc(Cl)cc2)cc1,,5.674074044228534,0
661,CHEMBL219267,Cc1ccc(C2=CC(NC(C)(C)C)=NCCN2)c(F)c1,,7.853871964321762,1
662,CHEMBL3805515,CNC(=O)c1cccc(OCCCCN2CCN(c3cccc(Cl)c3Cl)CC2)c1OC,,6.142667503568732,0
663,CHEMBL1852422,COc1ccccc1-n1c(C)nc(C(=O)NCCCN2CCN(c3cccc(Cl)c3Cl)CC2)c1C,,7.987162775294828,1
664,CHEMBL565552,CN(C)CCn1cc(S(=O)(=O)c2cccc3ccccc23)c2cccnc21,,6.027797161620936,0
665,CHEMBL1729,COc1cc(N)c(Cl)cc1C(=O)NC1CCN(CCCOc2ccc(F)cc2)CC1OC,,8.413862974769208,1
666,CHEMBL3946995,O=C(N[C@H]1CC[C@H](CCN2CCN(c3nsc4ccccc34)CC2)CC1)c1ccco1,,7.498256270372005,1
667,CHEMBL565745,NCCn1cc(S(=O)(=O)c2cccc(Cl)c2)c2cccnc21,,7.958607314841775,1
668,CHEMBL601037,O=[N+]([O-])c1ccc(S(=O)(=O)N(CCCN2CCN(c3ccccc3)CC2)CC2CC2)cc1,,6.7447274948966935,0
669,CHEMBL331188,CN(C)CC1CC2c3cccnc3Cc3ccccc3N2O1,>,6.0,0
670,CHEMBL4291215,CC1(C)CC(=O)N(CCCCN2CCN(c3cccc4sccc34)CC2)C(=O)C1,,6.872895201635193,0
671,CHEMBL316438,c1ccc2c(c1)Cc1ccccc1N1OC(CN3CCCC3)CC21,,7.599980364934842,1
672,CHEMBL3217176,Cc1cccc(N2CCN(CCCNC(=O)c3nc(C)n(-c4ccccc4)c3C)CC2)c1C,,7.040958607678906,1
673,CHEMBL602284,O=S(=O)(c1ccc2ccccc2c1)N(CCCN1CCN(c2ccc(F)cc2)CC1)CC1CCCCC1,,9.301029995663981,1
674,CHEMBL2393260,COCCCNc1nc(Nc2ccc(F)cc2)c2cn[nH]c2n1,,5.277119389313061,0
675,CHEMBL219916,O=c1[nH]c2ccccc2n1CCCN1CCC(n2c(=O)[nH]c3cc(Cl)ccc32)CC1,,7.431798275933005,1
676,CHEMBL488911,CN(C)Cc1cc(N)ccc1Oc1ccc(Cl)c(Cl)c1,,6.140261433802853,0
677,CHEMBL3805262,CNC(=O)c1cc(F)cc(OCCCCN2CCN(c3cccc(Cl)c3Cl)CC2)c1,,5.87942606879415,0
678,CHEMBL3216754,CCCc1nc(C(=O)NCCCN2CCN(c3cccc(C)c3C)CC2)c(C)n1-c1ccccc1Cl,,7.045757490560675,1
679,CHEMBL79834,O=C1NCN(c2ccccc2)C12CCN(CCCOc1ccc(F)cc1)CC2,,9.500038134403809,1
680,CHEMBL4554558,C1=C(c2c[nH]c3ccccc23)CCN(Cc2cccs2)C1,,5.618541696691984,0
681,CHEMBL3216979,CCCn1c(C)nc(C(=O)NCCCN2CCN(c3cccc(Cl)c3Cl)CC2)c1C,,7.585026652029182,1
682,CHEMBL11425,O=C1CC2(CCCC2)CC(=O)N1CCCCNCC1COc2ccccc2C1,,7.250031916490597,1
683,CHEMBL1933572,Cc1ccc(S(=O)(=O)N(C)C2CCN(C)CC2)cc1C,,5.223298816011589,0
684,CHEMBL3735756,COc1ccc(CCN(CCCc2ccccc2)CCc2ccc3c(c2)OCO3)cc1OC,,5.300000202445418,0
685,CHEMBL1080555,CCCn1c(-c2ccccc2)cc(C(=O)NCCCCN2CCN(c3cccc(C)c3C)CC2)c1C,,6.101274818410507,0
686,CHEMBL218589,Cc1ccc(C2=CC(NC(C)(C)Cc3ccccc3)=NCCN2)cc1,,8.619788758288394,1
687,CHEMBL3217171,CCCc1nc(C(=O)NCCCN2CCN(c3cccc(C)c3C)CC2)c(C)n1-c1ccccc1OC,,6.5968794788241825,0
688,CHEMBL3215638,Cc1cccc(N2CCN(CCCNC(=O)c3nc(-c4ccccc4)n(-c4ccc5c(c4)OCCO5)c3C)CC2)c1C,,7.721246399047171,1
689,CHEMBL1852466,COc1ccccc1-n1c(C)nc(C(=O)NCCCN2CCN(c3cccc(Cl)c3C)CC2)c1C,,7.892790030352131,1
690,CHEMBL603609,COc1ccc(NC(=O)Nc2ccc(OC)c(-c3c(Br)cnn3C)c2)cc1,,9.400007822415903,1
691,CHEMBL519103,Cc1ccc2c(C(=O)Nc3ccc(Oc4cccnc4C)nc3)c[nH]c2c1,<,5.0,0
692,CHEMBL426712,Cc1ccccc1C1=CC(NC(C)(C)C)=NCCN1,,6.950781977329818,0
693,CHEMBL1214045,CCCn1c(-c2ccccc2)cc(C(=O)NCCCN2CCN(c3ccc(Cl)c(Cl)c3)CC2)c1C,,7.267606240177032,1
694,CHEMBL442,CN1C[C@H](C(=O)N[C@]2(C)O[C@@]3(O)[C@@H]4CCCN4C(=O)[C@H](Cc4ccccc4)N3C2=O)C=C2c3cccc4[nH]cc(c34)C[C@H]21,,8.188023055663045,1
695,CHEMBL1080683,Cc1c(C(=O)NCCN2CCN(c3cccc(Cl)c3Cl)CC2)cc(-c2ccccc2)n1C,,6.756961951313706,0
696,CHEMBL54,O=C(CCCN1CCC(O)(c2ccc(Cl)cc2)CC1)c1ccc(F)cc1,,6.832773124424534,0
697,CHEMBL218206,Cc1ccc(C2=CC(NC(C)(C)C)=NCCN2)c(C)c1,,7.1487416512809245,1
698,CHEMBL3216074,Cc1cccc(N2CCN(CC(O)CNC(=O)c3nc(-c4ccccc4)n(-c4ccc(F)cc4)c3C)CC2)c1C,,7.1487416512809245,1
699,CHEMBL277120,c1ccc2c(N3CCNCC3)cccc2c1,,7.2076083105017466,1
700,CHEMBL1081035,CCCn1c(-c2ccccc2)cc(C(=O)NCCN2CCN(c3cccc(Cl)c3Cl)CC2)c1C,,6.38933983691012,0
701,CHEMBL1852811,CCc1nc(C(=O)NCCCN2CCN(c3cccc(Cl)c3Cl)CC2)c(C)n1-c1ccccc1,,7.318758762624412,1
702,CHEMBL11262,CCCN(CCC)CC1COc2cccc(OC)c2C1,,4.800000052738446,0
703,CHEMBL1172,Clc1ccc2c(c1)CCc1cccnc1C2=C1CCNCC1,,7.481486060122113,1
704,CHEMBL3665546,COCCNC(=O)COc1ccc(NC(=O)c2cccc(C(F)(F)F)c2)cc1-c1c(Cl)cnn1C,,7.2839966563652006,1
705,CHEMBL427518,COc1ccc(S(=O)(=O)NCCCN2CCN(c3ccccc3OC)CC2)cc1,,5.286677495012972,0
706,CHEMBL604082,COc1ccc(NC(=O)Nc2ccc(Cl)cc2C(F)(F)F)cc1-c1c(Br)cnn1C,,8.599980364934842,1
707,CHEMBL3601023,Cc1cc(C#Cc2ccc(-c3ccc(Cl)cc3)cn2)ccc1OCCN1CCC[C@H]1CO,<,5.0,0
708,CHEMBL1087896,Cc1cccc(N2CCN(CCCNC(=O)c3cc(-c4ccccc4)n(CC4CCCCC4)c3C)CC2)c1C,,5.909036923404268,0
709,CHEMBL954,CCN(CC)CCOc1ccc(/C(=C(/Cl)c2ccccc2)c2ccccc2)cc1,,5.480434499119491,0
710,CHEMBL598172,COc1ccc(NC(=O)Nc2ccc(F)cc2F)cc1-c1c(Br)cnn1C,,9.199970640755865,1
711,CHEMBL3681350,c1cnc2c(N3CCNCC3)cccc2c1,,7.149353764816933,1
712,CHEMBL604586,COc1ccc(NC(=O)Nc2ccc(Cl)cc2)cc1-c1c(Br)cnn1C(C)C,,8.899974269892137,1
713,CHEMBL3216291,COc1ccc(-n2c(-c3ccccc3)nc(C(=O)NCCCN3CCN(c4cccc(C)c4C)CC3)c2C)cc1,,7.619788758288394,1
714,CHEMBL2393253,CCN(CC)c1nc(Nc2ccc(Cl)cc2)c2cn[nH]c2n1,,5.722620025332746,0
715,CHEMBL454656,CNCc1cc(F)ccc1Oc1ccc(-c2ccccc2)cc1,,6.422508200162775,0
716,CHEMBL1933397,CN1CCC(N(C)S(=O)(=O)c2ccc(I)cc2)CC1,,6.795880017344075,0
717,CHEMBL375369,Cc1ccc(C2=CC(NC(C)(C)C)=NCCN2)cc1,,7.958607314841775,1
718,CHEMBL3216501,Cc1cccc(N2CCN(CCCNC(=O)c3cn(-c4ccccc4)c(-c4ccccc4)n3)CC2)c1C,,7.87942606879415,1
719,CHEMBL599193,CCOc1ccc(NC(=O)Nc2ccc(Cl)cc2)cc1-c1c(Br)cnn1C,,8.79997073344623,1
720,CHEMBL597983,COc1ccc(NC(=O)Nc2ccc(F)c(F)c2)cc1-c1c(F)cnn1C,,8.599980364934842,1
721,CHEMBL4074326,Cc1nc2n(c(=O)c1CCN1CCN(c3cccc4sccc34)CC1)CCC=C2,,7.424812155072339,1
722,CHEMBL3804943,CNC(=O)c1ccc(OC)c(OCCCCN2CCN(c3cccc(Cl)c3Cl)CC2)c1,,6.075720713938118,0
723,CHEMBL1088874,O=C(CNC(=O)c1cccc(C(F)(F)F)c1)N[C@@H]1CCN(CCC2CCN(C(=O)c3ccccc3Cl)CC2)C1,<,5.0,0
724,CHEMBL601659,O=S(=O)(c1ccc(F)cc1)N(CCCN1CCN(c2ccccc2)CC1)CC1CCCCC1,,7.87942606879415,1
725,CHEMBL79496,CN(C)C(=O)C1CC2c3ccccc3Cc3ccccc3N2O1,<,6.0,0
726,CHEMBL1214176,CCCn1c(-c2ccccc2)cc(C(=O)N(C)CCCN2CCN(c3cccc(C)c3C)CC2)c1C,,7.769551078621726,1
727,CHEMBL3681355,CCCn1c(C)nc(C(=O)NCC(O)CN2CCN(c3cccc(Cl)c3C)CC2)c1C,,6.318758762624412,0
728,CHEMBL82635,Cc1cccc2c1Cc1ccccc1C1CC(CN(C)C)ON21,,7.0400051616715835,1
729,CHEMBL3805860,CNC(=O)c1cccc(OCCCCN2CCN(c3nsc4ccccc34)CC2)c1,,6.7447274948966935,0
730,CHEMBL1092929,O=C(CNC(=O)c1cccc(C(F)(F)F)c1)N[C@@H]1CCN(CCC2CCN(C(=O)c3ccccc3)CC2)C1,<,5.0,0
731,CHEMBL600012,O=S(=O)(c1ccc2ccccc2c1)N(CCCN1CCN(c2ccccc2)CC1)CC1CCCCC1,,9.154901959985743,1
732,CHEMBL3398394,COc1ccc(S(=O)(=O)n2cc(/C=N/N=C/N(C)C)c3c([N+](=O)[O-])cccc32)cc1,,6.688246138944246,0
733,CHEMBL487188,CNCc1cc(OC)c(OC)cc1Oc1ccc(Cl)c(Cl)c1,,6.603800652904264,0
734,CHEMBL453630,CNC(C)c1cc(C(F)(F)F)ccc1Oc1ccc(Cl)c(Cl)c1,,6.536107011014093,0
735,CHEMBL4287752,O=C1[C@H]2[C@@H]3C=C[C@@H](C3)[C@H]2C(=O)N1CCCCN1CCN(c2cccc3scnc23)CC1,,6.0195421077238995,0
736,CHEMBL3215622,COc1ccc(-n2c(-c3ccccc3)nc(C(=O)NCCCN3CCN(c4cccc(Cl)c4Cl)CC3)c2C)cc1,,7.886056647693163,1
737,CHEMBL1213932,COc1cccc(N2CCN(CCCNC(=O)c3cc(-c4ccccc4)n(C)c3C)CC2)c1OC,,6.176525770829699,0
738,CHEMBL3681367,COc1ccc(-n2cc(C(=O)NCC(O)CN3CCN(c4cccc(Cl)c4Cl)CC3)nc2-c2ccccc2)cc1,,6.863279432843593,0
739,CHEMBL4562303,CC(C)CCO[C@H]1[C@H]2CCN(CCc3ccc4ccccc4c3)CC[C@H]3O[C@H](Cn4cc(nn4)COC[C@@H](O2)[C@@H]2OC(C)(C)O[C@H]12)[C@@H]1OC(C)(C)O[C@@H]1[C@H]3OCCC(C)C,,5.060480747381382,0
740,CHEMBL4291387,O=C1C2CCCC2C(=O)N1CCCCN1CCN(c2cccc3sccc23)CC1,,8.958607314841775,1
741,CHEMBL313714,OC[C@H](NC1CCN(CCCc2c[nH]c3ccc(-n4cnnc4)cc23)CC1)c1ccc(F)cc1,,5.958607314841775,0
742,CHEMBL511,COc1ccc(CN(CCN(C)C)c2ccccn2)cc1,,6.001304841688344,0
743,CHEMBL1621,Cc1nc2n(c(=O)c1CCN1CCC(c3noc4cc(F)ccc34)CC1)CCCC2O,,8.2839966563652,1
744,CHEMBL1852501,Cc1cccc(N2CCN(C[C@H](O)CNC(=O)c3nc(C)n(-c4ccccc4)c3C)CC2)c1C,,7.139661993429006,1
745,CHEMBL1214597,Cc1c(C(=O)NCCN2CCN(c3cccc(Cl)c3Cl)CC2)cc(C(C)(C)C)n1C,,7.301029995663981,1
746,CHEMBL3601037,OC1CCN(Cc2ccc(NCCCc3ccc(Oc4ccccc4)nn3)cc2)CC1,<,5.0,0
747,CHEMBL313189,CN(C)CCC1CC2c3ccccc3Cc3ccccc3N2O1,,7.0400051616715835,1
748,CHEMBL595252,O=S(=O)(c1ccccc1)c1c[nH]c2cccc(CCN3CCCCC3)c12,,6.7447274948966935,0
749,CHEMBL179234,O=C(c1ccc2nc(N3CCN(C4CC4)CC3)ccc2c1)C1CC1,<,5.0,0
750,CHEMBL1852374,Cc1cccc(N2CCN(C[C@@H](O)CNC(=O)c3nc(C)n(-c4ccccc4)c3C)CC2)c1C,,6.189767482004916,0
751,CHEMBL1214596,Cc1cccc(N2CCN(CCCNC(=O)c3cc(C(C)(C)C)n(C)c3C)CC2)c1C,,6.413412695328245,0
752,CHEMBL3216702,CCCn1c(-c2ccccn2)cc(C(=O)NCCCN2CCN(c3cccc(Cl)c3Cl)CC2)c1C,,7.236572006437063,1
753,CHEMBL493,CC(C)C[C@H]1C(=O)N2CCC[C@H]2[C@]2(O)O[C@](NC(=O)[C@@H]3C=C4c5cccc6[nH]c(Br)c(c56)C[C@H]4N(C)C3)(C(C)C)C(=O)N12,,7.443697499232713,1
754,CHEMBL3216259,Cc1c(C(=O)NCCCN2CCN(c3cccc(Cl)c3Cl)CC2)cc(-c2ccccn2)n1C,,7.366531544420414,1
755,CHEMBL374497,Cc1ccc(C2=CC(N3CCNCC3)=NCCN2)cc1,<,6.0,0
756,CHEMBL3216964,COc1ccc(-n2c(-c3ccccc3)nc(C(=O)NCCCN3CCN(c4cccc(Cl)c4C)CC3)c2C)cc1,,7.6777807052660805,1
757,CHEMBL487221,CNC(C)c1ccccc1Oc1ccc(Cl)c(Cl)c1,,6.421360790031928,0
758,CHEMBL194837,Cc1cc(OCCN(C)C)nc2ccc(NC(=O)COc3ccc(Cl)cc3Cl)cc12,,9.214670164989233,1
759,CHEMBL1214426,CCCn1c(-c2ccc(Cl)cc2)cc(C(=O)NCCCN2CCN(c3cccc(C)c3C)CC2)c1C,,6.716698771296451,0
760,CHEMBL3600815,CC(=O)NC1CCN(Cc2ccc(CCNC(=O)c3ccc(-c4ccc(F)cc4)cc3)cc2)CC1,,6.443697499232713,0
761,CHEMBL601457,O=S(=O)(c1cccc2ccccc12)N(CCCN1CCN(c2ccccc2)CC1)CC1CC1,,6.767003889607846,0
762,CHEMBL4279645,O=C1[C@@H]2[C@H](C(=O)N1CCCCN1CCN(c3cccc4sccc34)CC1)[C@@H]1C[C@H]2[C@@H](O)[C@H]1O,,7.088842391260023,1
763,CHEMBL1852517,CCCc1nc(C(=O)NCCCN2CCN(c3cccc(Cl)c3C)CC2)c(C)n1-c1ccc(OC)cc1,,7.818156412055227,1
764,CHEMBL4105102,Cc1nc2n(c(=O)c1CCN1CCN(c3cccc4scnc34)CC1)CCCC2O,,5.638272163982407,0
765,CHEMBL3601045,CC(=O)NC1CCN(Cc2ccc(OCCCc3ccc(-c4ccc(F)cc4)nn3)cc2)CC1,,6.146910470148135,0
766,CHEMBL4212622,O=C(NC1CC1)c1cc(OCCCCN2CCC(c3noc4cc(F)ccc34)CC2)ccn1,,6.777283528852417,0
767,CHEMBL3601039,O[C@@H]1CCCN(Cc2ccc(OCCCc3ccc(-c4ccc(Cl)cc4)nn3)cc2)C1,,6.22548303427145,0
768,CHEMBL507075,CNCc1ccc(C(F)(F)F)cc1Oc1ccc(Cl)cc1,,6.489454989793388,0
769,CHEMBL3216084,COc1ccc(-n2c(-c3ccccc3)nc(C(=O)NCC(O)CN3CCN(c4cccc(C)c4C)CC3)c2C)cc1,,6.732828271596986,0
770,CHEMBL3804965,CNC(=O)c1cc(OCCCCN2CCN(c3cccc4c3OC(F)(F)O4)CC2)ccc1F,,5.721246399047171,0
771,CHEMBL602677,COc1ccccc1N1CCN(CCCN(CC2CC2)S(=O)(=O)c2cccc3cccnc23)CC1,,6.251037138743839,0
772,CHEMBL89934,CC1SC(C)(C)C(=O)N1CCCCN1CCN(c2csc3cc(F)ccc23)CC1,,7.769551078621726,1
773,CHEMBL4293999,O=C(CCCCN1CCC(c2noc3cc(F)ccc23)CC1)c1cc2c3c(c1)CCN3C(=O)CC2,,6.589391457431632,0
774,CHEMBL3652592,Cn1nccc1-c1cc(NC(=O)C(=O)c2ccc(F)cc2)ccc1OCCN,,10.602059991327963,1
775,CHEMBL4212812,Cc1cc(OCCCN2CCN(c3ccccc3)CC2)ccc1Cl,,4.066512712151295,0
776,CHEMBL1084617,COc1cccc(C(=O)Nc2ccc(OCCN3CCOCC3)c(-c3ccnn3C)c2)c1,,8.2839966563652,1
777,CHEMBL1852358,Cc1c(Cl)cccc1N1CCN(C[C@@H](O)CNC(=O)c2nc(-c3ccccc3)n(-c3ccc(F)cc3)c2C)CC1,,7.696803942579511,1
778,CHEMBL309904,CC(C)N(CC1CC2c3ccccc3Cc3ccccc3N2O1)C(C)C,<,6.0,0
779,CHEMBL3215619,Cc1c(Cl)cccc1N1CCN(C[C@H](O)CNC(=O)c2nc(-c3ccccc3)n(-c3ccc(F)cc3)c2C)CC1,,7.022276394711152,1
780,CHEMBL4285479,O=C1[C@H]2[C@@H]3C=C[C@@H](C3)[C@H]2C(=O)N1CCN1CCN(c2cccc3sccc23)CC1,,7.084072788302884,1
781,CHEMBL3652595,Cn1ncc(Cl)c1-c1cc(NC(=O)C2CCC(C(F)(F)F)CC2)ccc1OCCN,,9.585026652029182,1
782,CHEMBL1852333,CCCc1nc(C(=O)NCCCN2CCN(c3cccc(C)c3C)CC2)cn1-c1ccccc1,,6.876148359032914,0
783,CHEMBL3216497,CCCc1nc(C(=O)NCC(O)CN2CCN(c3cccc(Cl)c3Cl)CC2)cn1-c1ccc(Cl)cc1,,6.753009300758451,0
784,CHEMBL602285,O=S(=O)(c1cccc2cccnc12)N(CCCN1CCN(c2ccccc2)CC1)CC1CCCCC1,,7.460923901207224,1
785,CHEMBL1852665,COc1ccccc1-n1c(C)nc(C(=O)NCC(O)CN2CCN(c3cccc(Cl)c3Cl)CC2)c1C,,7.283162276700476,1
786,CHEMBL84081,CN(C)CC1CC2c3ccccc3Cc3cc(F)ccc3N2O1,,8.160019442321657,1
787,CHEMBL511312,CCN1CCC(COc2nc3ccsc3n3cccc23)CC1,,5.089999741487069,0
788,CHEMBL331077,CN(C)CC1CC2c3ccccc3Cc3ccncc3N2O1,,6.409994580348671,0
789,CHEMBL79568,CN(C)CCCCC1CC2c3ccccc3Cc3ccccc3N2O1,<,6.0,0
790,CHEMBL1214879,Cc1[nH]nc(C(=O)N2CCN(CC(=O)c3ccc(F)cc3)CC2)c1Br,,8.337242168318426,1
791,CHEMBL621,O=c1n(CCCN2CCN(c3cccc(Cl)c3)CC2)nc2ccccn12,,7.698970004336019,1
792,CHEMBL599225,COc1ccc(NC(=O)Nc2ccc(Br)cc2)cc1-c1c(Br)cnn1C,,9.299988937677888,1
793,CHEMBL4097395,Cc1nc2n(c(=O)c1CCN1CCN(c3nccc4sccc34)CC1)CCCC2O,,7.581698708680254,1
794,CHEMBL3601033,COc1ccc(-c2ccc(CCCNc3ccc(CN4CCCC(O)C4)cc3)nn2)cc1,<,5.0,0
795,CHEMBL373966,CCC1(NC2=NCCNC(c3ccc(F)cc3F)=C2)CCCC1,,8.958607314841775,1
796,CHEMBL383530,O=S(=O)(c1cccc(F)c1)N1CCC(CCc2ccc(F)cc2F)CC1,,6.496209316942819,0
797,CHEMBL3216756,CCCc1nc(C(=O)NCC(O)CN2CCN(c3cccc(Cl)c3C)CC2)c(C)n1-c1ccccc1,,6.696803942579511,0
798,CHEMBL83073,CN(C)CC1CC2c3cccc(C(F)(F)F)c3Cc3ccccc3N2O1,,6.0,0
799,CHEMBL4217182,CNC(=O)c1cc(OCCCCN2CCN(c3cccc4sc(F)cc34)CC2)ccn1,,7.187755303199631,1
800,CHEMBL4579120,CC(C)CCO[C@H]1[C@H]2CCN(CCc3ccc4ccccc4c3)CCCCCCOCc3cn(nn3)C[C@@H](O2)[C@@H]2OC(C)(C)O[C@H]12,,5.7447274948966935,0
801,CHEMBL941,Cc1ccc(NC(=O)c2ccc(CN3CCN(C)CC3)cc2)cc1Nc1nccc(-c2cccnc2)n1,,5.723308471154961,0
802,CHEMBL479952,O=C(Nc1ccc(Oc2cccnc2)nc1)c1c[nH]c2ccccc12,<,6.0,0
803,CHEMBL1086626,Cc1[nH]c(-c2ccccc2)cc1C(=O)NCCCN1CCN(c2cccc(Cl)c2Cl)CC1,,6.522878745280337,0
804,CHEMBL4062992,Cc1nc2n(c(=O)c1CCN1CCN(c3nsc4ccccc34)CC1)CCCC2(F)F,,7.769551078621726,1
805,CHEMBL1272041,COc1c(C)nc(C)nc1C(=O)NCCN1CCN(c2cccc(C)c2C)CC1,,6.0746879085003505,0
806,CHEMBL1271985,Cc1cc(C(=O)NCCCN2CCN(c3cccc(C)c3C)CC2)nc(C2CC2)n1,,6.59176003468815,0
807,CHEMBL119443,C[C@@H](CO)NC(=O)[C@@H]1C=C2c3cccc4[nH]cc(c34)C[C@H]2N(C)C1,,8.656591406196142,1
808,CHEMBL3806091,CNC(=O)c1cccc(OCCCCN2CCN(c3cccc(Cl)c3Cl)CC2)c1C,,6.0655015487564325,0
809,CHEMBL603417,CC1CCCCN1CCc1cccc2[nH]cc(S(=O)(=O)c3ccccc3)c12,,7.036212172654444,1
810,CHEMBL3805884,CNC(=O)c1cc(OCCCCN2CCN(c3cccc(Cl)c3Cl)CC2)ccc1F,,6.443697499232713,0
811,CHEMBL1065,CC[C@@H](CO)NC(=O)[C@@H]1C=C2c3cccc4c3c(cn4C)C[C@H]2N(C)C1,,7.886056647693163,1
812,CHEMBL4214528,CNC(=O)c1cc(OCCCCN2CCN(c3cccc(Cl)c3Cl)CC2)ccn1,,6.3223930472795065,0
813,CHEMBL1933408,CN1CCC(N(C)S(=O)(=O)c2ccc(C(F)(F)F)cc2)CC1,,5.773915884024176,0
814,CHEMBL1550957,Cc1[nH]c2ccccc2c1C1=CCNCC1,,5.823908740944319,0
815,CHEMBL461631,CNC(C)c1ccc(Cl)cc1Oc1ccc(C)cc1,,8.450996737974211,1
816,CHEMBL3681358,Cc1cccc(N2CCN(CC(O)CNC(=O)c3nc(C(C)C)n(-c4ccccc4)c3C)CC2)c1C,,6.13608262304214,0
817,CHEMBL600607,O=S(=O)(c1cccc2cccnc12)N(CCCN1CCN(c2ccccc2)CC1)CC1CC1,,6.534617148551582,0
818,CHEMBL4083333,Cc1nc2n(c(=O)c1CCN1CCN(c3cccc4sccc34)CC1)CCCC2,,8.924453038607469,1
819,CHEMBL1642117,CN1CCN(c2cccc3c2C(=O)CCN3S(=O)(=O)c2ccc3ccccc3c2)CC1,,6.119186407719209,0
820,CHEMBL3216082,Cc1nc(C(=O)NCC(O)CN2CCN(c3cccc(Cl)c3Cl)CC2)c(C)n1-c1ccccc1F,,6.982966660701219,0
821,CHEMBL1221449,CN1CCN(c2cccc(N(CC3CC3)S(=O)(=O)c3ccc4ccccc4c3)c2)CC1,,7.055517327849832,1
822,CHEMBL2393258,OCCCNc1nc(Nc2ccc(F)cc2)c2cn[nH]c2n1,<,5.0,0
823,CHEMBL3216974,Cc1cccc(N2CCN(CCCNC(=O)c3nc(C)n(-c4cccc(Cl)c4)c3C)CC2)c1C,,7.014124642691606,1
824,CHEMBL4090872,Cc1nc2n(c(=O)c1CCN1CCC(c3noc4cc(F)ccc34)CC1)CCCC2Cl,,7.668370282370068,1
825,CHEMBL500329,CNCc1ccc(OC)cc1Oc1ccc(Cl)c(Cl)c1,,6.978810700930062,0
826,CHEMBL4280084,O=C1C2CC(O)C(O)CC2C(=O)N1CCCCN1CCN(c2cccc3sccc23)CC1,,7.071092309756048,1
827,CHEMBL447864,CNCc1ccc(Cl)cc1Oc1ccc(C)cc1,,8.928117992693874,1
828,CHEMBL4204832,CNC(=O)c1ccnc(OCCCCN2CCC(c3noc4cc(F)ccc34)CC2)c1,,7.204815410317576,1
829,CHEMBL275481,CCCN1CCN(Cc2ccccc2)CC12COc1cccc(OC)c1C2,,4.609999985082743,0
830,CHEMBL1213674,Cc1c(C(=O)NCCCN2CCN(c3cccc(Cl)c3Cl)CC2)cc(C(C)(C)C)n1C,,6.787812395596042,0
831,CHEMBL1628227,CN(C)CCC=C1c2ccccc2COc2ccccc21,,7.42021640338319,1
832,CHEMBL83,CC/C(=C(\c1ccccc1)c1ccc(OCCN(C)C)cc1)c1ccccc1,,5.318668294030834,0
833,CHEMBL600210,COc1ccccc1N1CCN(CCCN(CC2CCCCC2)S(=O)(=O)c2ccc3ccccc3c2)CC1,,7.935542010773082,1
834,CHEMBL2376487,Cc1[nH]c2ccc([N+](=O)[O-])cc2c1C1=CCNCC1,,6.0,0
835,CHEMBL250689,CC(=O)c1cccc(NC(=O)N[C@@H]2CCCC[C@H]2CN2CCC[C@@H](Cc3ccc(F)cc3)C2)c1,,6.036212172654444,0
836,CHEMBL1852373,COc1ccc(-n2cc(C(=O)NCCCN3CCN(c4cccc(C)c4C)CC3)nc2-c2ccccc2)cc1,,7.721246399047171,1
837,CHEMBL601885,COc1ccccc1N1CCN(CCCN(CC2CCCCC2)S(=O)(=O)c2cccc3cccnc23)CC1,,7.2225731776106885,1
838,CHEMBL3805826,CCCCCNC(=O)c1cccc(OCCCCN2CCN(c3cccc(Cl)c3Cl)CC2)c1,,5.958607314841775,0
839,CHEMBL3216093,Cc1c(Cl)cccc1N1CCN(CCCNC(=O)c2nc(C)n(-c3ccccc3Cl)c2C)CC1,,7.5376020021010435,1
840,CHEMBL2393249,CCNc1nc(Nc2ccccc2)c2cn[nH]c2n1,<,5.0,0
841,CHEMBL1222138,CC(C)N(c1cccc(N2CCN(C)CC2)c1)S(=O)(=O)c1ccccc1,,6.764471553092451,0
842,CHEMBL605582,O=[N+]([O-])c1ccc(S(=O)(=O)N(CCCN2CCN(c3ccccc3)CC2)CC2CCCCC2)cc1,,8.3767507096021,1
843,CHEMBL376753,CC(C)(C)NC1=NCCNC(c2ccccc2Cl)=C1,,7.119186407719209,1
844,CHEMBL3398390,CN(C)/C=N/N=C/c1cn(S(=O)(=O)c2ccc(F)cc2)c2cccc([N+](=O)[O-])c12,,6.153662887870195,0
845,CHEMBL417608,CCCN(CCCCN1C(=O)CC2(CCCC2)CC1=O)CC1COc2cccc(OC)c2C1,,5.110000065251387,0
846,CHEMBL1088312,Cc1c(C(=O)NCCCN2CCN(c3cccc(Cl)c3Cl)CC2)cc(-c2ccccc2)n1CC(C)C,,6.391473966422806,0
847,CHEMBL610208,COc1ccc(NC(=O)Nc2ccc(Cl)cc2)cc1-c1c(Cl)cnn1C,,9.299988937677888,1
848,CHEMBL82714,CN(C)CC1(C)CC2c3ccccc3Cc3ccccc3N2O1,,6.566841987077157,0
849,CHEMBL728,CN1CCN(CCCN2c3ccccc3Sc3ccc(Cl)cc32)CC1,,8.151072286772921,1
850,CHEMBL35226,CCCN1CCC(COc2nc3ccccc3c3c2CCCN3)CC1,,5.301029995663981,0
851,CHEMBL3681369,Cc1ccc(-n2c(C)nc(C(=O)NCCCN3CCN(c4cccc(C)c4C)CC3)c2C)cc1,,7.481486060122113,1
852,CHEMBL6437,CN1CCN2c3ccccc3Cc3ccccc3C2C1,,8.137872099181683,1
853,CHEMBL531,CCCN1C[C@H](CSC)C[C@@H]2c3cccc4[nH]cc(c34)C[C@H]21,,7.853871964321762,1
854,CHEMBL4207328,CNC(=O)c1cccc(OCCCCN2CCN(c3cccc(Cl)c3Cl)CC2)n1,,6.040958607678906,0
855,CHEMBL2376482,Cc1[nH]c2ccc(Br)cc2c1C1=CCNCC1,,6.3979400086720375,0
856,CHEMBL314107,CN(C)CC1CC2c3cc(F)ccc3Cc3ccc(F)cc3N2O1,,7.969805214643249,1
857,CHEMBL596975,COc1ccc(NC(=O)Nc2ccc(N(C)C)cc2)cc1-c1c(Br)cnn1C,,7.299988937677887,1
858,CHEMBL1108,O=C(CCCN1CC=C(n2c(=O)[nH]c3ccccc32)CC1)c1ccc(F)cc1,,8.587707490676953,1
859,CHEMBL3398392,Cc1ccc(S(=O)(=O)n2cc(/C=N/N=C/N(C)C)c3c([N+](=O)[O-])cccc32)cc1,,6.5968794788241825,0
860,CHEMBL3681362,Cc1cccc(N2CCN(CCNC(=O)c3nc(C(C)C)n(-c4ccccc4)c3C)CC2)c1C,,7.795880017344075,1
861,CHEMBL1642116,CN1CCN(c2ccc3c(c2)N(S(=O)(=O)c2ccc4ccccc4c2)CCC3=O)CC1,,6.436518914605589,0
862,CHEMBL1081468,Cc1cccc(N2CCN(CCCNC(=O)c3cc(-c4ccccc4)[nH]c3C)CC2)c1C,,6.522878745280337,0
863,CHEMBL51,O=C(c1ccc(F)cc1)C1CCN(CCn2c(=O)[nH]c3ccccc3c2=O)CC1,,8.36605470995053,1
864,CHEMBL442923,CNCc1cc(F)ccc1Oc1ccc(F)c(Cl)c1,,6.2403321553103694,0
865,CHEMBL905,CN(C)CCc1c[nH]c2ccc(Cn3cncn3)cc12,,5.100000128334196,0
866,CHEMBL81435,O=C1c2ccccc2C(=O)N1CC1CC2c3ccccc3Cc3ccccc3N2O1,<,6.0,0
867,CHEMBL1271698,Cc1cc(C(=O)NCCCN2CCN(c3cccc(Cl)c3Cl)CC2)nc(C)n1,,6.779891911959945,0
868,CHEMBL3216282,Cc1cccc(N2CCN(CC(O)CNC(=O)c3nc(C)n(-c4cccc(Cl)c4)c3C)CC2)c1C,,6.560509409610316,0
869,CHEMBL1214113,CCCn1c(-c2ccccc2)cc(C(=O)NCCCN2CCN(c3cccc(OC)c3)CC2)c1C,,6.815308569182402,0
870,CHEMBL3216757,Cc1c(Cl)cccc1N1CCN(CC(O)CNC(=O)c2nc(-c3ccccc3)n(-c3ccccc3)c2C)CC1,,7.2441251443275085,1
871,CHEMBL3775576,CNC(=O)c1ccc2[nH]nc(Cc3ccc4c(cnn4C)c3)c2c1,,6.619788758288394,0
872,CHEMBL602064,COc1ccc(NC(=O)Nc2cccc(F)c2)cc1-c1c(Br)cnn1C,,9.100015437450608,1
873,CHEMBL3215849,CCCc1nc(C(=O)NCCCN2CCN(c3cccc(Cl)c3Cl)CC2)cn1-c1ccc(Cl)cc1,,7.149353764816933,1
874,CHEMBL3601043,OCC1CCN(Cc2ccc(OCCCc3ccc(Oc4ccccc4)nn3)cc2)CC1,<,5.0,0
875,CHEMBL471663,CCCCN1CCC(COc2nc3ccsc3n3cccc23)CC1,,6.779996573843064,0
876,CHEMBL17157,CC(C)(C)c1ccc(C(O)CCCN2CCC(C(O)(c3ccccc3)c3ccccc3)CC2)cc1,,6.5934598195660445,0
877,CHEMBL364005,Cc1[nH]c2ccc(Cl)cc2c1C1=CCNCC1,,6.619788758288394,0
878,CHEMBL11,CN(C)CCCN1c2ccccc2CCc2ccccc21,,6.657577319177793,0
879,CHEMBL488260,CNCc1ccc(C(F)(F)F)cc1Oc1ccc(Cl)c(Cl)c1,,6.441291429466834,0
880,CHEMBL3601035,COc1ccc(-c2ccc(CCCNc3ccc(CN4CCC(NC(C)=O)CC4)cc3)nn2)cc1,<,5.0,0
881,CHEMBL449048,CNCc1ccc(Cl)cc1Oc1cccc(Cl)c1,,7.313363730737707,1
882,CHEMBL21343,CCN(CC)C(=O)[C@@H]1C=C2c3cccc4[nH]cc(c34)C[C@H]2NC1,,8.221848749616356,1
883,CHEMBL4534493,CCCCCCCCNC(=O)/C=C/c1cc(OC)c(OC)c(OC)c1,<,5.0,0
884,CHEMBL1112,O=C1CCc2ccc(OCCCCN3CCN(c4cccc(Cl)c4Cl)CC3)cc2N1,,5.756501555784089,0
885,CHEMBL4295055,O=C1CC2(CCCCC2)CC(=O)N1CCCCN1CCN(c2cccc3sccc23)CC1,,6.987162775294828,0
886,CHEMBL3601036,OC1CCN(Cc2ccc(NCCCc3ccc(OCc4ccccc4)nn3)cc2)CC1,<,5.0,0
887,CHEMBL715,Cc1cc2c(s1)Nc1ccccc1N=C2N1CCN(C)CC1,,7.875075480680939,1
888,CHEMBL488435,CNCc1cc(Br)ccc1Oc1ccc(Cl)c(Cl)c1,,6.104025267640935,0
889,CHEMBL643,CC(CN1c2ccccc2Sc2ccccc21)N(C)C,,7.40609868064079,1
890,CHEMBL1852513,Cc1cccc(N2CCN(C[C@@H](O)CNC(=O)c3nc(C)n(-c4ccccc4F)c3C)CC2)c1C,,6.61261017366127,0
891,CHEMBL594717,Cc1ccc(F)cc1CO[C@H]1CCc2ccc(N3CCNC[C@H]3C)nc21,,7.337242168318426,1
892,CHEMBL1852346,COc1ccccc1-n1c(C)nc(C(=O)NCCCN2CCN(c3cccc(C)c3C)CC2)c1C,,6.841637507904751,0
893,CHEMBL507884,CNCc1cc(C(F)(F)F)ccc1Oc1ccc(Cl)c(Cl)c1,,5.7447274948966935,0
894,CHEMBL19215,CN1C[C@H](CNC(=O)OCc2ccccc2)C[C@@H]2c3cccc4c3c(cn4C)C[C@H]21,,9.40340290437354,1
895,CHEMBL1221,Clc1ccc(CSC(Cn2ccnc2)c2ccc(Cl)cc2Cl)cc1,,5.405717971188194,0
896,CHEMBL4286717,CCC1(C)CC(=O)N(CCCCN2CCN(c3cccc4sccc34)CC2)C(=O)C1,,7.586700235918748,1
897,CHEMBL4065786,Cc1coc(CNc2nc(N)nc3ccn(Cc4ccccn4)c23)n1,,5.638272163982407,0
898,CHEMBL648,CN1CCN(C(c2ccccc2)c2ccccc2)CC1,,6.647817481888637,0
899,CHEMBL2393252,CCN(CC)c1nc(Nc2ccc(C)c(C)c2)c2cn[nH]c2n1,,5.56019378860667,0
900,CHEMBL596753,COc1ccc(NC(=O)Nc2cc(C(F)(F)F)cc(C(F)(F)F)c2)cc1-c1c(Cl)cnn1C,,8.400007822415901,1
901,CHEMBL1214546,CCCn1c(-c2cccnc2)cc(C(=O)NCCCN2CCN(c3cccc(Cl)c3Cl)CC2)c1C,,7.337242168318426,1
902,CHEMBL1642123,CC1CC(=O)c2c(N3CCN(C)CC3)cccc2N1S(=O)(=O)c1ccc2ccccc2c1,,7.318758762624412,1
903,CHEMBL83220,CN(CC1CC2c3ccccc3Cc3ccccc3N2O1)C(=O)C(F)(F)F,<,6.0,0
904,CHEMBL595457,CC(C)NCCc1cccc2[nH]cc(S(=O)(=O)c3ccccc3)c12,,6.187086643357144,0
905,CHEMBL598173,COc1ccc(NC(=O)Nc2ccc(F)cc2F)cc1-c1c(Cl)cnn1C,,9.0,1
906,CHEMBL1852420,CCCn1c(C)nc(C(=O)NCC(O)CN2CCN(c3cccc(C)c3C)CC2)c1C,,6.075746566339,0
907,CHEMBL415,CN(C)CCCN1c2ccccc2CCc2ccc(Cl)cc21,,7.173925197299173,1
908,CHEMBL2393278,COc1ccccc1N1CCN(c2nc(Nc3ccc(F)cc3)c3cn[nH]c3n2)CC1,,5.860750782428393,0
909,CHEMBL4065710,Cc1nc2n(c(=O)c1CCN1CCN(c3cccc4sccc34)CC1)CCCC2(C)O,,8.022733787572708,1
910,CHEMBL3609165,OCCN1CCN(c2nc(Nc3ccccc3F)c3ccccc3n2)CC1,,5.863279432843593,0
911,CHEMBL462387,CNCc1ccc(Cl)cc1Oc1ccc(Cl)cc1,,8.18111458540599,1
912,CHEMBL1113,Clc1ccc2c(c1)C(N1CCNCC1)=Nc1ccccc1O2,,8.80910828307783,1
913,CHEMBL1214178,CCCn1c(-c2ccccc2)cc(C(=O)N(C)CCCN2CCN(c3cccc(Cl)c3Cl)CC2)c1C,,7.481486060122113,1
914,CHEMBL1262,Clc1ccc(CO/N=C(\Cn2ccnc2)c2ccc(Cl)cc2Cl)c(Cl)c1,,5.380593589113222,0
915,CHEMBL2393261,C=CCNc1nc(Nc2ccc(F)cc2)c2cn[nH]c2n1,,5.181972158140744,0
916,CHEMBL189118,Cc1cc(N(C)CCN(C)C)nc2ccc(NC(=O)/C=C/c3ccc(OC(F)(F)F)cc3)cc12,,5.721246399047171,0
917,CHEMBL488261,CNCc1ccc(Cl)cc1Oc1ccc(Cl)c(Cl)c1,,7.048176964684088,1
918,CHEMBL219215,CC1(NC2=NCCNC(c3ccc(F)cc3)=C2)CCCCC1,,8.795880017344075,1
919,CHEMBL488069,CN(C)Cc1ccc(C(F)(F)F)cc1Oc1ccc(Cl)c(Cl)c1,,7.3819519032879075,1
920,CHEMBL4067506,Cc1nc2n(c(=O)c1CCN1CCN(c3csc4ccsc34)CC1)CCCC2O,,6.186419011431808,0
921,CHEMBL4070546,Cc1cnc(CNc2nc(N)nc3ccn(Cc4ccccn4)c23)o1,,6.187086643357144,0
922,CHEMBL296419,COc1ccc(CCN2CCC(Nc3nc4ccccc4n3Cc3ccc(F)cc3)CC2)cc1,,7.698970004336019,1
923,CHEMBL479,CSc1ccc2c(c1)N(CCC1CCCCN1C)c1ccccc1S2,,8.359916268626879,1
924,CHEMBL310018,CN(C)CCCC1CC2c3ccccc3Cc3ccccc3N2O1,,8.410050398674292,1
925,CHEMBL1080672,Cc1c(C(=O)NCCCN2CCN(c3cccc(Cl)c3Cl)CC2)cc(-c2ccccc2)n1CC1CCCCC1,,5.358228529346041,0
926,CHEMBL443922,CN(C)Cc1ccccc1Oc1ccc(Cl)c(Cl)c1,,6.841637507904751,0
927,CHEMBL1086754,Cc1c(C(=O)NCCCN2CCN(c3cccc(Cl)c3Cl)CC2)cc(-c2ccccc2)n1C,,7.33630009638115,1
928,CHEMBL1214425,CCn1c(-c2ccc(Cl)cc2)cc(C(=O)NCCCN2CCN(c3cccc(C)c3C)CC2)c1C,,6.82102305270683,0
929,CHEMBL3962267,Cn1cc(Cl)c(C(=O)N2CCN(CCc3ccccc3F)CC2)n1,,7.443697499232713,1
930,CHEMBL513629,CNC(C)c1ccc(Cl)cc1Oc1ccc(C)c(C)c1,,8.16621562534352,1
931,CHEMBL160070,C[C@H](NC[C@@H]1CCN(CCc2c[nH]c3ccc(C[C@H]4COC(=O)N4)cc23)C1)c1ccccc1,,5.657577319177793,0
932,CHEMBL599194,CC(C)Oc1ccc(NC(=O)Nc2ccc(Cl)cc2)cc1-c1c(Br)cnn1C,,8.79997073344623,1
933,CHEMBL4061068,Cc1nc2n(c(=O)c1CCN1CCN(c3nsc4ccccc34)CC1)CCCC2(C)O,,8.468521082957745,1
934,CHEMBL1271815,Cc1nc(C(=O)NCCCN2CCN(c3cccc(C)c3C)CC2)cc(C(C)C)n1,,6.309803919971486,0
935,CHEMBL1213985,Cc1ccc2cccc(N3CCN(CCCNC(=O)c4cc(-c5ccccc5)n(C)c4C)CC3)c2n1,,6.079876673709276,0
936,CHEMBL219265,CCC(C)(CC)NC1=NCCNC(c2ccc(F)cc2)=C1,,8.823908740944319,1
937,CHEMBL453879,CNCc1ccc(Cl)cc1Oc1ccc(F)c(Cl)c1,,7.215382707367125,1
938,CHEMBL862,N=C(N)NC(=O)Cc1c(Cl)cccc1Cl,,5.520856752021387,0
939,CHEMBL4277751,O=C1c2ccc(F)cc2C(=O)N1CCCCN1CCN(c2cccc3sccc23)CC1,,6.5951662833800615,0
940,CHEMBL27,CC(C)NCC(O)COc1cccc2ccccc12,,5.480753815754972,0
941,CHEMBL1271816,Cc1nc(C(=O)NCCCN2CCN(c3cccc(C)c3C)CC2)cc(C(C)(C)C)n1,,6.339134521996131,0
942,CHEMBL1909065,CO[C@H]1C[C@@H](O[C@H]2C[C@H]([C@H]3O[C@](C)(O)[C@H](C)C[C@@H]3C)O[C@H]2[C@]2(C)CC[C@H]([C@]3(C)CC[C@]4(C[C@H](O)[C@@H](C)[C@@H]([C@@H](C)[C@@H]5O[C@](O)(CC(=O)O)[C@@H](C)[C@H](OC)[C@H]5OC)O4)O3)O2)O[C@@H](C)[C@@H]1OC,,8.060780364145181,1
943,CHEMBL3215863,CCCc1nc(C(=O)NCCCN2CCN(c3cccc(Cl)c3C)CC2)cn1-c1ccc(Cl)cc1,,7.698970004336019,1
944,CHEMBL1272092,COc1c(C)nc(C)nc1C(=O)NCCN1CCN(c2cccc(Cl)c2Cl)CC1,,6.580044251510242,0
945,CHEMBL452861,CC(C)NC[C@H](O)COc1cccc2ccccc12,,5.7251496799833355,0
946,CHEMBL1471412,CN1CCC(N(C)S(=O)(=O)c2ccc(Cl)cc2)CC1,,6.270025714300444,0
947,CHEMBL455675,CNCc1cc(F)c(Cl)cc1Oc1ccc(Cl)c(Cl)c1,,6.638272163982407,0
948,CHEMBL1852485,COc1ccc(-n2c(C)nc(C(=O)NCCCN3CCN(c4cccc(Cl)c4Cl)CC3)c2C)cc1,,7.698970004336019,1
949,CHEMBL2393259,COCCNc1nc(Nc2ccc(F)cc2)c2cn[nH]c2n1,<,5.0,0
950,CHEMBL3681357,Cc1cccc(N2CCN(CCCCNC(=O)c3nc(C)n(-c4ccccc4Cl)c3C)CC2)c1C,,7.920818753952375,1
951,CHEMBL314885,CN(C)CC1CC2c3cc(F)ccc3Cc3ccccc3N2O1,,7.270025714300444,1
952,CHEMBL2393250,CCCNc1nc(Nc2ccccc2)c2cn[nH]c2n1,<,5.0,0
953,CHEMBL534,CN1CCC(=C2c3ccccc3CC(=O)c3sccc32)CC1,,7.508638306165727,1
954,CHEMBL605089,CC1CCCN(CCc2cccc3[nH]cc(S(=O)(=O)c4ccccc4)c23)C1,,7.2441251443275085,1
955,CHEMBL2393241,CN1CCc2nc(N3CCN(C)CC3)nc(Nc3ccc(F)cc3)c2CC1,,6.164943898279883,0
956,CHEMBL1222234,CC(C)N(c1cccc(N2CCN(C)CC2)c1)S(=O)(=O)c1cccc2ccccc12,,6.913640169325252,0
957,CHEMBL83777,CN(C)CC1CC2c3c(F)cccc3Cc3ccccc3N2O1,<,6.0,0
958,CHEMBL4209705,CCNC(=O)c1ccnc(OCCCCN2CCC(c3noc4cc(F)ccc34)CC2)c1,,7.170696227168975,1
959,CHEMBL602878,O=S(=O)(c1cccc2cccnc12)N(CCCN1CCN(c2cccc(C(F)(F)F)c2)CC1)CC1CC1,,7.1249387366083,1
960,CHEMBL1080522,Cc1[nH]c(-c2ccccc2)cc1C(=O)NCCN1CCN(c2cccc(Cl)c2Cl)CC1,,7.3979400086720375,1
961,CHEMBL83658,CN(C)CC1CC2c3ccccc3Cc3ccccc3N2O1,,7.214800010082629,1
962,CHEMBL3805077,CNC(=O)c1cccc(OCCCCN2CCN(c3cccc(Cl)c3Cl)CC2)c1,,5.958607314841775,0
963,CHEMBL2393245,Clc1cccc(Nc2nc(Cc3ccccc3)nc3c2CCNCC3)c1,,8.522878745280337,1
964,CHEMBL2393255,CCN(CC)c1nc(Nc2ccccc2C)c2cn[nH]c2n1,,5.339324211661475,0
965,CHEMBL3600817,CC(=O)CNC1CCN(Cc2ccc(CCNC(=O)c3ccc(-c4ccc(F)cc4)cc3)cc2)CC1,,6.277366077466188,0
966,CHEMBL3216502,Cc1c(Cl)cccc1N1CCN(CC(O)CNC(=O)c2nc(-c3ccccc3)n(-c3ccc(F)cc3)c2C)CC1,,7.573488738635425,1
967,CHEMBL4094926,Cc1nc2n(c(=O)c1CCN1CCC(c3cccc4sccc34)CC1)CCCC2O,,8.115771230367397,1
968,CHEMBL453880,CNCc1ccc(Cl)cc1Oc1ccc(F)c(C(F)(F)F)c1,,7.31069114087638,1
969,CHEMBL1852361,CCCc1nc(C(=O)NCCCN2CCN(c3cccc(C)c3C)CC2)cn1-c1ccc(Cl)cc1,,7.489454989793388,1
970,CHEMBL1214489,CCCn1c(-c2ccc(Cl)cc2)cc(C(=O)NCCCN2CCN(c3cccc(Cl)c3Cl)CC2)c1C,,6.47755576649368,0
971,CHEMBL3806169,NC(=O)c1cccc(OCCCCN2CCN(c3cccc(Cl)c3Cl)CC2)c1,,5.958607314841775,0
972,CHEMBL260907,CCOc1ccccc1N1CCN(CCCC(=O)NCc2nc3ccc(F)cc3c(=O)n2-c2ccccc2)CC1,<,5.0,0
973,CHEMBL1852507,Cc1cccc(N2CCN(C[C@H](O)CNC(=O)c3nc(C)n(-c4ccccc4F)c3C)CC2)c1C,,6.568636235841013,0
974,CHEMBL1081644,Cc1cccc(N2CCN(CCCNC(=O)c3cc(-c4ccccc4)n(C)c3C)CC2)c1C,,7.2441251443275085,1
975,CHEMBL84810,CN(C)CC1CC2c3c(cccc3C(F)(F)F)Cc3ccccc3N2O1,,7.169989064063882,1
976,CHEMBL480699,COc1ccc2[nH]cc(C(=O)Nc3ccc(Oc4cccnc4C)nc3)c2c1,<,5.0,0
977,CHEMBL83731,NCC1CC2c3ccccc3Cc3ccccc3N2O1,,7.79997073344623,1
978,CHEMBL221249,Cc1ccc(C2=CC(N3CCOCC3)=NCCN2)cc1,<,6.0,0
979,CHEMBL1933411,Cc1cccc(S(=O)(=O)N(C)C2CCN(C)CC2)c1,,5.462180904926726,0
980,CHEMBL292779,Fc1cccc(CCN2CCN(CCCc3c[nH]c4ccc(-n5cnnc5)cc34)CC2)c1,,6.431798275933005,0
981,CHEMBL4082084,Cc1nc2n(c(=O)c1CCN1CCC(c3noc4cc(F)ccc34)CC1)CCCC2(C)O,,8.022276394711152,1
982,CHEMBL3216959,Cc1c(Cl)cccc1N1CCN(CCCNC(=O)c2nc(-c3ccccc3)n(-c3ccc(F)cc3)c2C)CC1,,7.913640169325252,1
983,CHEMBL218533,CCN(CC)C1=NCCNC(c2ccccc2F)=C1,<,6.0,0
984,CHEMBL2111101,CC(C)COc1ccc(CNC(=O)N(Cc2ccc(F)cc2)C2CCN(C)CC2)cc1,,8.045757490560675,1
985,CHEMBL221387,CC(C)(C)NC1=NCCNC(c2ccccc2)=C1,,7.455931955649724,1
986,CHEMBL4087132,Cc1nc2n(c(=O)c1CCN1CCN(c3cccc4sccc34)CC1)CCCC2(F)F,,7.939302159646388,1
987,CHEMBL3398398,CN(C)/C=N/N=C/c1cn(S(=O)(=O)c2ccc3ccccc3c2)c2cccc([N+](=O)[O-])c12,,6.363512103646634,0
